Id,Category
0,Albert Finney
1,Anthony Perkins
2,Adrien Brody
3,Bernie Mac
4,Albert Brooks
5,['NONE']
6,['NONE']
7,Adele
8,['NONE']
9,Alex Pettyfer
10,Anne Baxter
11,Anthony Perkins
12,Anthony Hopkins
13,Barabara Palvin
14,Art Carney
15,Anne Baxter
16,Alessandra Ambrosio
17,Alan Arkin
18,['NONE']
19,Anthony Hopkins
20,Art Carney
21,Barabara Palvin
22,Arnold Schwarzenegger
23,Anne Baxter
24,Ashley Greene
25,Alan Rickman
26,Betty White
27,Art Carney
28,Alexander Skarsgard
29,['NONE']
30,Anne Baxter
31,Ava Gardner
32,Anne Baxter
33,Al Pacino
34,Albert Finney
35,Andreea Diaconu
36,Anthony Perkins
37,['NONE']
38,Art Carney
39,Adriana Lima
40,Benicio Del Toro
41,bella thorne
42,Anderson Cooper
43,Anne Baxter
44,['NONE']
45,Anna Kendrick
46,Art Carney
47,['NONE']
48,Ben Kingsley
49,Anna Kendrick
50,Aaron Paul
51,Bette Midler
52,Bill Paxton
53,Audrey Hepburn
54,Andy Serkis
55,Barabara Palvin
56,Adele
57,Ava Gardner
58,Ben Johnson
59,Anne Baxter
60,Anderson Cooper
61,Anna Sui
62,Berenice Bejo
63,['NONE']
64,Anthony Hopkins
65,Audrey Hepburn
66,Andreea Diaconu
67,['NONE']
68,Arnold Schwarzenegger
69,['NONE']
70,Bill Pullman
71,Alan Alda
72,Analeigh Tipton
73,Adele
74,['NONE']
75,Audrey Hepburn
76,['NONE']
77,Anna Friel
78,Bernie Mac
79,Anna Friel
80,Alan Rickman
81,Ava Gardner
82,Beyonce Knowles
83,Anna Kendrick
84,Ava Gardner
85,Anjelica Huston
86,Ava Gardner
87,Adele
88,Arnold Schwarzenegger
89,Anthony Mackie
90,Alexis Thorpe
91,Anthony Hopkins
92,Barabara Palvin
93,Albert Brooks
94,Alicia Vikander
95,['NONE']
96,Ashley Graham
97,Ben Kingsley
98,['NONE']
99,Bill Pullman
100,Adriana Lima
101,['NONE']
102,Bette Midler
103,Betty White
104,Amanda Crew
105,Audrey Hepburn
106,Adele
107,['NONE']
108,Adele
109,Art Carney
110,Ava Gardner
111,Anthony Hopkins
112,['NONE']
113,Ben Johnson
114,['NONE']
115,Andrew Garfield
116,Bill Rancic
117,Aaron Judge
118,Alessandra Ambrosio
119,['NONE']
120,Ava Gardner
121,Anne Bancroft
122,Bill Hader
123,['NONE']
124,Anthony Hopkins
125,Adrianne Palicki
126,Andrew Garfield
127,Barabara Palvin
128,Ava Gardner
129,Anthony Hopkins
130,Audrey Hepburn
131,Anne Baxter
132,['NONE']
133,['NONE']
134,Ben Stiller
135,Anne Bancroft
136,Anne Baxter
137,Albert Finney
138,Arnold Schwarzenegger
139,Amy Ryan
140,Adele
141,Ava Gardner
142,Anne Baxter
143,['NONE']
144,Adele
145,Albert Finney
146,Bill Paxton
147,Akemi Darenogare
148,Art Carney
149,Bill Murray
150,Alan Rickman
151,['NONE']
152,Billy Bob Thornton
153,['NONE']
154,Ben Johnson
155,Audrey Hepburn
156,Art Carney
157,Bernie Mac
158,Art Carney
159,Anne Baxter
160,Berenice Bejo
161,Alan Arkin
162,['NONE']
163,Albert Finney
164,Akemi Darenogare
165,['NONE']
166,['NONE']
167,['NONE']
168,['NONE']
169,['NONE']
170,Anjelica Huston
171,Anne Baxter
172,Adrien Brody
173,Albert Finney
174,Ava Gardner
175,['NONE']
176,Ben Affleck
177,Amanda Seyfried
178,Anna Kendrick
179,Alan Arkin
180,['NONE']
181,Arnold Schwarzenegger
182,Anthony Hopkins
183,['NONE']
184,Barbra Streisand
185,Ava Gardner
186,Anthony Hopkins
187,Aaron Judge
188,Anjelica Huston
189,Anthony Perkins
190,Berenice Bejo
191,['NONE']
192,Barabara Palvin
193,Anne Baxter
194,Anna Friel
195,Ava Gardner
196,Anne Bancroft
197,Andy Serkis
198,['NONE']
199,Bette Midler
200,Ashley Greene
201,Ava Gardner
202,Art Carney
203,Alessandra Ambrosio
204,['NONE']
205,['NONE']
206,Bill Rancic
207,['NONE']
208,Anthony Hopkins
209,['NONE']
210,['NONE']
211,Albert Finney
212,Art Carney
213,Adrianne Palicki
214,Ben Johnson
215,Armin Mueller-Stahl
216,Anthony Perkins
217,['NONE']
218,Ben Stiller
219,Bill Pullman
220,Alexander Skarsgard
221,Audrey Hepburn
222,Art Carney
223,['NONE']
224,Andy Garcia
225,Armin Mueller-Stahl
226,Anna Kendrick
227,Armin Mueller-Stahl
228,['NONE']
229,Adele
230,['NONE']
231,Ali Larter
232,Anne Bancroft
233,Adrianne Palicki
234,Ava Gardner
235,['NONE']
236,Ava Gardner
237,Adriana Lima
238,['NONE']
239,Benicio Del Toro
240,Anna Kendrick
241,Art Carney
242,['NONE']
243,['NONE']
244,Anthony Hopkins
245,Anjelica Huston
246,['NONE']
247,Aaron Taylor-Johnson
248,Art Carney
249,Benicio Del Toro
250,['NONE']
251,Adrien Brody
252,Al Roker
253,Anne Baxter
254,Annette Bening
255,['NONE']
256,Anne Bancroft
257,Anne Baxter
258,Alexandra Daddario
259,Anne Baxter
260,Alx James
261,Albert Finney
262,['NONE']
263,Ava Gardner
264,['NONE']
265,Armin Mueller-Stahl
266,Albert Brooks
267,Bill Murray
268,Anne Baxter
269,Benedict Cumberbatch
270,Barbra Streisand
271,Anthony Perkins
272,['NONE']
273,['NONE']
274,Antonio Banderas
275,Bill Paxton
276,Ava Gardner
277,Beyonce Knowles
278,Anna Sui
279,Anne Bancroft
280,Adriana Lima
281,Andy Serkis
282,Anthony Mackie
283,Anthony Hopkins
284,['NONE']
285,Art Carney
286,Albert Finney
287,Anna Paquin
288,Anne Baxter
289,Alec Baldwin
290,Alexander Skarsgard
291,Bill Hader
292,Amanda Bynes
293,Art Carney
294,Alexis Thorpe
295,Ava Gardner
296,Adele
297,Andy Serkis
298,Alex Pettyfer
299,Andy Garcia
300,Albert Finney
301,['NONE']
302,Adele
303,Audrey Tautou
304,Adele
305,['NONE']
306,Ava Gardner
307,Anthony Perkins
308,Amy Schumer
309,Anjelica Huston
310,Alexis Thorpe
311,Andy Garcia
312,Alan Rickman
313,Alx James
314,Art Carney
315,Bill Murray
316,Audrey Hepburn
317,Art Carney
318,['NONE']
319,Anthony Perkins
320,Ben Kingsley
321,Barabara Palvin
322,['NONE']
323,Alan Alda
324,Al Pacino
325,Ben Affleck
326,Andy Garcia
327,Art Carney
328,Benedict Cumberbatch
329,['NONE']
330,Audrey Hepburn
331,['NONE']
332,Bernie Mac
333,Armin Mueller-Stahl
334,Ava Gardner
335,Anthony Perkins
336,Ava Gardner
337,Anthony Perkins
338,Ali Larter
339,Arnold Schwarzenegger
340,Alan Alda
341,Beyonce Knowles
342,Art Carney
343,Anthony Perkins
344,Art Carney
345,Audrey Tautou
346,Albert Finney
347,Barry Pepper
348,Art Carney
349,Ava Gardner
350,Adele
351,Ben Kingsley
352,Ava Gardner
353,Ben Johnson
354,Alan Rickman
355,Ben Stiller
356,Bella Hadid
357,Albert Finney
358,['NONE']
359,Anjelica Huston
360,Alexandra Daddario
361,['NONE']
362,Al Pacino
363,Amy Schumer
364,Ashley Judd
365,Ben Foster
366,Audrey Hepburn
367,Ava Gardner
368,Anne Bancroft
369,Albert Brooks
370,Alexis Thorpe
371,Andrew Garfield
372,Ben Kingsley
373,Anthony Perkins
374,['NONE']
375,Art Carney
376,['NONE']
377,Beyonce Knowles
378,Andy Garcia
379,Andrew Lincoln
380,Audrey Tautou
381,Anthony Hopkins
382,Art Carney
383,Bernie Mac
384,Andy Garcia
385,['NONE']
386,Adrien Brody
387,Alan Alda
388,Alx James
389,Art Carney
390,Ava Gardner
391,Ben Kingsley
392,Anthony Perkins
393,Alexander Skarsgard
394,Ben Kingsley
395,Anjelica Huston
396,['NONE']
397,Billy Bob Thornton
398,Alx James
399,Anne Baxter
400,Art Carney
401,Al Pacino
402,Albert Finney
403,['NONE']
404,['NONE']
405,Anthony Perkins
406,Alexis Thorpe
407,Barry Pepper
408,Anne Baxter
409,Alexis Thorpe
410,Audrey Tautou
411,Adriana Lima
412,Adrien Brody
413,Albert Finney
414,Art Carney
415,Adele
416,Arnold Schwarzenegger
417,Anthony Hopkins
418,['NONE']
419,Benicio Del Toro
420,Al Roker
421,Art Carney
422,Andy Garcia
423,Alx James
424,Anjelica Huston
425,Ava Gardner
426,Albert Brooks
427,Bill Hader
428,Amanda Peet
429,Art Carney
430,['NONE']
431,Anthony Mackie
432,Aaron Judge
433,Alexis Thorpe
434,Ava Gardner
435,Alan Alda
436,Anthony Mackie
437,Ben Kingsley
438,Anthony Hopkins
439,['NONE']
440,Barabara Palvin
441,Amy Ryan
442,Ava Gardner
443,Anthony Hopkins
444,Anne Bancroft
445,Art Carney
446,Albert Brooks
447,Anjelica Huston
448,Arnold Schwarzenegger
449,Alx James
450,Angela Bassett
451,Bill Murray
452,['NONE']
453,['NONE']
454,Alexis Thorpe
455,Bill Pullman
456,Anne Baxter
457,['NONE']
458,Antonio Banderas
459,Benedict Cumberbatch
460,Audrey Hepburn
461,Anne Baxter
462,['NONE']
463,Alan Rickman
464,Amanda Crew
465,Andy Garcia
466,Benicio Del Toro
467,Audrey Hepburn
468,Amanda Seyfried
469,Alex Pettyfer
470,Anthony Perkins
471,Art Carney
472,Ashley Graham
473,Bill Hader
474,Anna Kendrick
475,Ava Gardner
476,Andrew Garfield
477,Ava Gardner
478,Andrew Luck
479,Anne Baxter
480,Anne Bancroft
481,Andy Garcia
482,Anjelica Huston
483,Anthony Perkins
484,Barbra Streisand
485,Adele
486,Albert Finney
487,Annette Bening
488,Ava Gardner
489,Analeigh Tipton
490,Ava Gardner
491,Anna Kendrick
492,Albert Brooks
493,['NONE']
494,Bill Paxton
495,Anne Baxter
496,Benicio Del Toro
497,Art Carney
498,Anthony Perkins
499,Abigail Breslin
500,Anne Baxter
501,Anderson Cooper
502,Art Carney
503,Andrew Garfield
504,['NONE']
505,Andrew Garfield
506,Andrew Garfield
507,Art Carney
508,Ava Gardner
509,Anne Baxter
510,Antonio Banderas
511,Anthony Hopkins
512,['NONE']
513,Ava Gardner
514,Ava Gardner
515,Audrey Hepburn
516,Barabara Palvin
517,Angela Bassett
518,Albert Finney
519,Ben Kingsley
520,Barabara Palvin
521,['NONE']
522,Anjelica Huston
523,Anthony Perkins
524,Ben Kingsley
525,Bernie Mac
526,Audrey Hepburn
527,Analeigh Tipton
528,Albert Finney
529,Ben Johnson
530,Albert Finney
531,Alan Arkin
532,Amy Schumer
533,Barabara Palvin
534,Albert Finney
535,Alan Alda
536,Ben Foster
537,Art Carney
538,Art Carney
539,Al Pacino
540,Ben Stiller
541,Anjelica Huston
542,Albert Brooks
543,Arnold Schwarzenegger
544,Ben Kingsley
545,Benicio Del Toro
546,Aaron Judge
547,Anne Baxter
548,Art Carney
549,Art Carney
550,Anne Baxter
551,Alexis Thorpe
552,Art Carney
553,Anna Friel
554,Art Carney
555,Anne Bancroft
556,Andy Garcia
557,Alexander Skarsgard
558,Andrew Garfield
559,Bill Hader
560,AnnaSophia Robb
561,Benedict Cumberbatch
562,Arnold Schwarzenegger
563,Amanda Crew
564,Andrew Garfield
565,['NONE']
566,Audrey Hepburn
567,Berenice Bejo
568,Anne Baxter
569,Andy Garcia
570,Bill Hader
571,Albert Finney
572,Barbra Streisand
573,Angelina Jolie
574,Bella Hadid
575,Albert Finney
576,Benicio Del Toro
577,Art Carney
578,Art Carney
579,Angela Bassett
580,Bette Midler
581,Andy Serkis
582,Bella Hadid
583,Art Carney
584,Anthony Hopkins
585,Albert Finney
586,Albert Finney
587,Ben Kingsley
588,Ali Larter
589,Beyonce Knowles
590,['NONE']
591,['NONE']
592,Anna Paquin
593,Ben Johnson
594,Ben Foster
595,['NONE']
596,Antonio Banderas
597,Barbra Streisand
598,Anthony Mackie
599,Berenice Bejo
600,['NONE']
601,Art Carney
602,Art Carney
603,Audrey Hepburn
604,['NONE']
605,Art Carney
606,Analeigh Tipton
607,Alec Baldwin
608,['NONE']
609,Anne Bancroft
610,Alexander Skarsgard
611,Alx James
612,Aaron Taylor-Johnson
613,Anne Baxter
614,Anthony Perkins
615,Anne Baxter
616,Alx James
617,Anne Baxter
618,['NONE']
619,Art Carney
620,Arnold Schwarzenegger
621,Amy Ryan
622,Anthony Perkins
623,Anna Kendrick
624,Anne Baxter
625,Adele
626,['NONE']
627,Art Carney
628,Anthony Perkins
629,Anthony Hopkins
630,Analeigh Tipton
631,['NONE']
632,Albert Finney
633,Alan Alda
634,['NONE']
635,Albert Finney
636,Alex Pettyfer
637,Art Carney
638,Ava Gardner
639,Albert Finney
640,Adrien Brody
641,Ava Gardner
642,Antonio Banderas
643,Albert Brooks
644,Ashley Graham
645,Bill Paxton
646,Barabara Palvin
647,Ben Kingsley
648,Bette Midler
649,Barbra Streisand
650,Barabara Palvin
651,AnnaSophia Robb
652,Anne Bancroft
653,Anne Baxter
654,Ashton Kutcher
655,Alexander Skarsgard
656,Analeigh Tipton
657,Ava Gardner
658,Bernie Mac
659,Anthony Perkins
660,Amanda Seyfried
661,Anne Bancroft
662,Adriana Barraza
663,Audrey Hepburn
664,['NONE']
665,Andy Garcia
666,Bill Murray
667,Anne Baxter
668,['NONE']
669,Alx James
670,Anderson Cooper
671,Adam Sandler
672,['NONE']
673,Art Carney
674,Aaron Judge
675,Andreea Diaconu
676,Ben Kingsley
677,Annette Bening
678,Anne Bancroft
679,Art Carney
680,Adele
681,Bill Daley
682,Anne Baxter
683,Barbra Streisand
684,Ben Johnson
685,Ben Stiller
686,Bill Murray
687,Barabara Palvin
688,Barbra Streisand
689,['NONE']
690,Alex Pettyfer
691,Ben Kingsley
692,Anthony Mackie
693,['NONE']
694,['NONE']
695,Ben Stiller
696,['NONE']
697,Andrew Garfield
698,['NONE']
699,AnnaSophia Robb
700,Barbra Streisand
701,['NONE']
702,Ava Gardner
703,Audrey Tautou
704,Antonio Banderas
705,Adele
706,Armin Mueller-Stahl
707,Art Carney
708,Ben Foster
709,Alx James
710,Andreea Diaconu
711,Alan Alda
712,Albert Finney
713,Andrew Luck
714,Albert Brooks
715,['NONE']
716,Art Carney
717,Anne Bancroft
718,Anthony Hopkins
719,Andy Serkis
720,Andrew Garfield
721,['NONE']
722,Ashley Greene
723,Al Pacino
724,Aaron Paul
725,Albert Finney
726,['NONE']
727,Adele
728,Adele
729,Benicio Del Toro
730,Ben Affleck
731,['NONE']
732,['NONE']
733,['NONE']
734,Audrey Hepburn
735,Alx James
736,['NONE']
737,['NONE']
738,Albert Finney
739,Ben Foster
740,Art Carney
741,Andy Garcia
742,Ben Foster
743,Amanda Crew
744,Ava Gardner
745,Anthony Hopkins
746,Ashley Graham
747,Anne Baxter
748,Ashton Kutcher
749,['NONE']
750,Amanda Bynes
751,Alx James
752,Albert Finney
753,Albert Finney
754,Albert Finney
755,Barabara Palvin
756,Ali Larter
757,Ben Stiller
758,Andy Murray
759,Andrew Lincoln
760,Alessandra Ambrosio
761,Albert Finney
762,['NONE']
763,Analeigh Tipton
764,Anna Friel
765,['NONE']
766,Amanda Bynes
767,['NONE']
768,Ben Johnson
769,Art Carney
770,['NONE']
771,Adele
772,['NONE']
773,Alx James
774,Bella Hadid
775,Art Carney
776,['NONE']
777,Barabara Palvin
778,Alan Alda
779,['NONE']
780,Alexander Skarsgard
781,Andy Serkis
782,Ava Gardner
783,Bill Rancic
784,Anne Baxter
785,['NONE']
786,Adele
787,Adriana Lima
788,['NONE']
789,Berenice Bejo
790,['NONE']
791,Art Carney
792,Audrey Hepburn
793,Adele
794,Ashley Graham
795,['NONE']
796,Art Carney
797,Anne Bancroft
798,Ava Gardner
799,Amy Ryan
800,Anna Kendrick
801,Anne Baxter
802,Analeigh Tipton
803,Anthony Hopkins
804,['NONE']
805,Anjelica Huston
806,Audrey Hepburn
807,Alan Rickman
808,Ava Gardner
809,Anne Baxter
810,Ava Gardner
811,Andrew Garfield
812,Ben Affleck
813,Barabara Palvin
814,Anne Baxter
815,Anthony Hopkins
816,Anna Sui
817,['NONE']
818,Ben Kingsley
819,Adele
820,Ashley Graham
821,Albert Finney
822,Berenice Bejo
823,Andrew Lincoln
824,Andy Garcia
825,Barabara Palvin
826,Audrey Hepburn
827,Bill Pullman
828,Albert Finney
829,Bernie Mac
830,Barabara Palvin
831,Amanda Bynes
832,['NONE']
833,Anne Baxter
834,Annette Bening
835,Arnold Schwarzenegger
836,Alex Pettyfer
837,Anne Baxter
838,Bernie Mac
839,Benjamin Bratt
840,Betty White
841,Bill Daley
842,Bernie Mac
843,Ava Gardner
844,Albert Brooks
845,Andy Garcia
846,Anthony Perkins
847,Barbra Streisand
848,Aaron Paul
849,Alan Arkin
850,Art Carney
851,Ben Foster
852,['NONE']
853,Adele
854,Ben Johnson
855,Albert Brooks
856,Andy Serkis
857,Anna Kendrick
858,Adriana Barraza
859,Art Carney
860,['NONE']
861,Alex Pettyfer
862,Benicio Del Toro
863,Ava Gardner
864,Amy Schumer
865,Anne Baxter
866,['NONE']
867,['NONE']
868,Bernie Mac
869,Art Carney
870,Ava Gardner
871,Ben Foster
872,Ben Kingsley
873,Alan Rickman
874,Art Carney
875,Albert Finney
876,['NONE']
877,Anna Kendrick
878,Albert Finney
879,Ben Affleck
880,Ava Gardner
881,Amanda Crew
882,Bill Pullman
883,Alan Alda
884,Anna Faris
885,Anna Friel
886,Anne Bancroft
887,Arnold Schwarzenegger
888,['NONE']
889,Bill Murray
890,Barabara Palvin
891,['NONE']
892,Alessandra Ambrosio
893,['NONE']
894,Ava Gardner
895,Betty White
896,Adele
897,Abigail Breslin
898,Angela Bassett
899,Ashley Graham
900,Alexandra Daddario
901,Anthony Perkins
902,Audrey Hepburn
903,['NONE']
904,Alan Rickman
905,['NONE']
906,Ava Gardner
907,Ava Gardner
908,Albert Finney
909,Albert Finney
910,['NONE']
911,Al Roker
912,Anthony Hopkins
913,['NONE']
914,Audrey Tautou
915,Angelina Jolie
916,Bernie Mac
917,Ava Gardner
918,Alan Rickman
919,Ashton Kutcher
920,Albert Finney
921,['NONE']
922,Anne Baxter
923,['NONE']
924,Art Carney
925,Barabara Palvin
926,Anjelica Huston
927,['NONE']
928,Ben Johnson
929,Alan Arkin
930,Art Carney
931,Amy Schumer
932,Anjelica Huston
933,Anjelica Huston
934,Audrey Hepburn
935,Adrianne Palicki
936,Berenice Bejo
937,Albert Finney
938,Bill Daley
939,Anthony Hopkins
940,Anna Kendrick
941,Alexis Thorpe
942,Barbra Streisand
943,['NONE']
944,Armin Mueller-Stahl
945,Ben Foster
946,Ashley Judd
947,Alan Alda
948,Anne Baxter
949,Ben Johnson
950,Ashton Kutcher
951,Alexandra Daddario
952,Ava Gardner
953,Arnold Schwarzenegger
954,Ava Gardner
955,Ben Affleck
956,Ashton Kutcher
957,Andrew Garfield
958,bella thorne
959,Alexander Skarsgard
960,Adrianne Palicki
961,Bill Pullman
962,Art Carney
963,Ben Kingsley
964,['NONE']
965,Ashley Judd
966,Anjelica Huston
967,Albert Finney
968,Art Carney
969,Ben Kingsley
970,Albert Finney
971,Albert Finney
972,Albert Finney
973,['NONE']
974,Anjelica Huston
975,['NONE']
976,Ben Johnson
977,Audrey Tautou
978,Audrey Hepburn
979,Ava Gardner
980,Anthony Hopkins
981,['NONE']
982,['NONE']
983,Anna Friel
984,Anthony Perkins
985,Analeigh Tipton
986,['NONE']
987,Anthony Mackie
988,Ben Johnson
989,Al Pacino
990,Barabara Palvin
991,['NONE']
992,Ava Gardner
993,Barabara Palvin
994,Amanda Seyfried
995,['NONE']
996,Ben Johnson
997,Ava Gardner
998,Ava Gardner
999,Albert Finney
1000,Anne Hathaway
1001,Albert Finney
1002,Anne Baxter
1003,Anthony Hopkins
1004,Barbra Streisand
1005,Anthony Perkins
1006,Anthony Hopkins
1007,Beyonce Knowles
1008,Benjamin Bratt
1009,Aaron Judge
1010,Art Carney
1011,Alexis Thorpe
1012,Bette Midler
1013,Art Carney
1014,Berenice Bejo
1015,Albert Finney
1016,Albert Finney
1017,Anthony Mackie
1018,Armin Mueller-Stahl
1019,Adriana Lima
1020,Alessandra Ambrosio
1021,Benicio Del Toro
1022,Anderson Cooper
1023,Anthony Mackie
1024,Anjelica Huston
1025,['NONE']
1026,['NONE']
1027,Bill Murray
1028,Betty White
1029,Barabara Palvin
1030,Anne Baxter
1031,Adele
1032,Ava Gardner
1033,Benicio Del Toro
1034,Audrey Hepburn
1035,Anjelica Huston
1036,['NONE']
1037,['NONE']
1038,Anna Friel
1039,Akemi Darenogare
1040,Alan Alda
1041,Audrey Hepburn
1042,Albert Finney
1043,Andie MacDowell
1044,Anne Bancroft
1045,Barabara Palvin
1046,Albert Finney
1047,Anne Baxter
1048,Adele
1049,Andy Garcia
1050,Adriana Lima
1051,Adele
1052,Amanda Seyfried
1053,Ava Gardner
1054,['NONE']
1055,['NONE']
1056,Ben Stiller
1057,Alx James
1058,['NONE']
1059,Amanda Seyfried
1060,Anne Baxter
1061,Albert Finney
1062,Anjelica Huston
1063,Benjamin Bratt
1064,Arnold Schwarzenegger
1065,['NONE']
1066,Benicio Del Toro
1067,Anne Baxter
1068,Anthony Hopkins
1069,['NONE']
1070,Ava Gardner
1071,Anne Bancroft
1072,Bill Pullman
1073,Barbra Streisand
1074,Art Carney
1075,Barabara Palvin
1076,Alexandra Daddario
1077,Alessandra Ambrosio
1078,Beyonce Knowles
1079,Antonio Banderas
1080,Alexandra Daddario
1081,Audrey Hepburn
1082,['NONE']
1083,Anthony Hopkins
1084,Audrey Hepburn
1085,Barabara Palvin
1086,Amanda Seyfried
1087,Billy Bob Thornton
1088,Anna Friel
1089,Adriana Barraza
1090,Amanda Bynes
1091,Arnold Schwarzenegger
1092,Barbra Streisand
1093,Andrew Luck
1094,Barabara Palvin
1095,Anthony Perkins
1096,Ben Johnson
1097,['NONE']
1098,Anne Bancroft
1099,Albert Finney
1100,Audrey Hepburn
1101,Anne Baxter
1102,Albert Finney
1103,Arnold Schwarzenegger
1104,Bill Pullman
1105,['NONE']
1106,Audrey Hepburn
1107,Alan Alda
1108,Anne Baxter
1109,Aaron Taylor-Johnson
1110,Barbra Streisand
1111,Armin Mueller-Stahl
1112,Audrey Tautou
1113,['NONE']
1114,Bill Hader
1115,['NONE']
1116,['NONE']
1117,Anne Bancroft
1118,['NONE']
1119,Adele
1120,Anne Baxter
1121,Anne Baxter
1122,Amanda Peet
1123,Anne Bancroft
1124,Ben Kingsley
1125,Barbra Streisand
1126,Anne Baxter
1127,Ben Kingsley
1128,Bernie Mac
1129,Art Carney
1130,Adrien Brody
1131,Benicio Del Toro
1132,Art Carney
1133,Adriana Lima
1134,Albert Finney
1135,Anne Bancroft
1136,Anne Bancroft
1137,Andy Garcia
1138,Albert Finney
1139,Bill Murray
1140,['NONE']
1141,['NONE']
1142,Anthony Perkins
1143,Analeigh Tipton
1144,Billy Bob Thornton
1145,Ashley Greene
1146,Ashley Greene
1147,Alexandra Daddario
1148,['NONE']
1149,Art Carney
1150,Andrew Lincoln
1151,Alessandra Ambrosio
1152,Adele
1153,Audrey Hepburn
1154,['NONE']
1155,Alan Rickman
1156,Albert Brooks
1157,Arnold Schwarzenegger
1158,['NONE']
1159,bella thorne
1160,Albert Brooks
1161,Bill Hader
1162,['NONE']
1163,Anne Baxter
1164,['NONE']
1165,Ava Gardner
1166,Albert Finney
1167,Barbra Streisand
1168,Ben Johnson
1169,Adrien Brody
1170,Andy Serkis
1171,Ben Kingsley
1172,Armin Mueller-Stahl
1173,Adele
1174,Audrey Hepburn
1175,['NONE']
1176,Bella Hadid
1177,Ben Johnson
1178,Anne Baxter
1179,Audrey Tautou
1180,Angela Bassett
1181,Albert Finney
1182,Arnold Schwarzenegger
1183,Ben Kingsley
1184,Ava Gardner
1185,Ben Johnson
1186,Bill Pullman
1187,Alan Rickman
1188,Billy Bob Thornton
1189,Anne Baxter
1190,Andy Murray
1191,Anderson Cooper
1192,Ben Kingsley
1193,Ben Johnson
1194,Alx James
1195,Bette Midler
1196,Annette Bening
1197,Anne Baxter
1198,Angelina Jolie
1199,Ava Gardner
1200,['NONE']
1201,['NONE']
1202,Albert Finney
1203,Adrien Brody
1204,['NONE']
1205,Andrew Lincoln
1206,Alexandra Daddario
1207,Ben Kingsley
1208,['NONE']
1209,Art Carney
1210,['NONE']
1211,Ben Stiller
1212,Anthony Mackie
1213,Ben Johnson
1214,Anne Baxter
1215,Ashley Graham
1216,Al Pacino
1217,Angela Bassett
1218,Anjelica Huston
1219,Angela Bassett
1220,Andy Garcia
1221,Ava Gardner
1222,Barry Pepper
1223,Anna Friel
1224,Andy Samberg
1225,Betty White
1226,Art Carney
1227,Barbra Streisand
1228,Ben Stiller
1229,Art Carney
1230,['NONE']
1231,['NONE']
1232,Anna Friel
1233,Alexis Thorpe
1234,Albert Finney
1235,['NONE']
1236,Andrew Garfield
1237,Adriana Lima
1238,Annette Bening
1239,Andie MacDowell
1240,Art Carney
1241,['NONE']
1242,Audrey Tautou
1243,Alx James
1244,Ben Affleck
1245,Arnold Schwarzenegger
1246,Anne Baxter
1247,Anne Baxter
1248,['NONE']
1249,Anna Friel
1250,Andreea Diaconu
1251,Anne Bancroft
1252,['NONE']
1253,Anthony Perkins
1254,Bella Hadid
1255,Art Carney
1256,['NONE']
1257,Adrien Brody
1258,Al Pacino
1259,['NONE']
1260,Bernie Mac
1261,Anne Baxter
1262,Alx James
1263,Anderson Cooper
1264,Ben Johnson
1265,Audrey Hepburn
1266,Ava Gardner
1267,Adrien Brody
1268,Anne Bancroft
1269,Annette Bening
1270,Amy Schumer
1271,Armin Mueller-Stahl
1272,Art Carney
1273,['NONE']
1274,Benedict Cumberbatch
1275,Bette Midler
1276,Albert Finney
1277,Bill Paxton
1278,Amber Heard
1279,Andrew Garfield
1280,['NONE']
1281,Ava Gardner
1282,Analeigh Tipton
1283,Audrey Hepburn
1284,Ashton Kutcher
1285,Aaron Judge
1286,Anne Baxter
1287,Berenice Bejo
1288,Audrey Hepburn
1289,Ben Kingsley
1290,Armin Mueller-Stahl
1291,Alan Rickman
1292,Anthony Hopkins
1293,Adrianne Palicki
1294,Ashton Kutcher
1295,Ava Gardner
1296,Ashley Graham
1297,Art Carney
1298,Anne Baxter
1299,Art Carney
1300,['NONE']
1301,Arnold Schwarzenegger
1302,['NONE']
1303,Albert Finney
1304,Anne Baxter
1305,Anne Baxter
1306,Art Carney
1307,Adrien Brody
1308,Art Carney
1309,Barabara Palvin
1310,Amber Heard
1311,Albert Finney
1312,Ava Gardner
1313,Barbra Streisand
1314,Anthony Hopkins
1315,Anne Baxter
1316,['NONE']
1317,['NONE']
1318,Armin Mueller-Stahl
1319,Ava Gardner
1320,Barabara Palvin
1321,Andrew Luck
1322,Anne Baxter
1323,Bill Murray
1324,['NONE']
1325,Alessandra Ambrosio
1326,Audrey Hepburn
1327,Barabara Palvin
1328,['NONE']
1329,Al Pacino
1330,['NONE']
1331,Anne Baxter
1332,Anthony Mackie
1333,Anthony Perkins
1334,Ben Foster
1335,Art Carney
1336,Arnold Schwarzenegger
1337,Adrianne Palicki
1338,Anne Bancroft
1339,['NONE']
1340,Bill Paxton
1341,Alexandra Daddario
1342,Art Carney
1343,Alan Alda
1344,Anna Kendrick
1345,Andreea Diaconu
1346,Bill Pullman
1347,Ben Kingsley
1348,Ben Johnson
1349,Audrey Hepburn
1350,Ben Johnson
1351,['NONE']
1352,Anne Baxter
1353,Benicio Del Toro
1354,Alexander Skarsgard
1355,['NONE']
1356,Barbra Streisand
1357,Arnold Schwarzenegger
1358,Arnold Schwarzenegger
1359,Al Pacino
1360,Audrey Hepburn
1361,Bill Pullman
1362,['NONE']
1363,Benicio Del Toro
1364,Benicio Del Toro
1365,Ava Gardner
1366,Antonio Banderas
1367,Berenice Bejo
1368,Audrey Tautou
1369,Anthony Hopkins
1370,Anne Bancroft
1371,Ashley Greene
1372,Anjelica Huston
1373,Art Carney
1374,Albert Finney
1375,Adele
1376,Alexander Skarsgard
1377,['NONE']
1378,Alicia Vikander
1379,Anne Baxter
1380,Anne Baxter
1381,Ava Gardner
1382,Bill Murray
1383,Bill O Reilly
1384,Angelina Jolie
1385,Barabara Palvin
1386,Anne Baxter
1387,Albert Brooks
1388,Alexander Skarsgard
1389,Alex Pettyfer
1390,['NONE']
1391,Bill Murray
1392,['NONE']
1393,Alan Alda
1394,Adriana Barraza
1395,Audrey Hepburn
1396,['NONE']
1397,Anne Baxter
1398,Bill Hader
1399,Andy Samberg
1400,Betty White
1401,Ashley Graham
1402,Ava Gardner
1403,Ben Johnson
1404,Annette Bening
1405,Annette Bening
1406,Alexis Thorpe
1407,['NONE']
1408,Al Pacino
1409,Alex Pettyfer
1410,Al Pacino
1411,Anthony Hopkins
1412,Ava Gardner
1413,Anthony Hopkins
1414,Aaron Taylor-Johnson
1415,Anjelica Huston
1416,Akemi Darenogare
1417,Berenice Bejo
1418,['NONE']
1419,Alan Rickman
1420,Al Pacino
1421,Art Carney
1422,Anne Baxter
1423,Ben Stiller
1424,Anna Faris
1425,Alec Baldwin
1426,Albert Finney
1427,Alexander Skarsgard
1428,Ben Stiller
1429,Anjelica Huston
1430,Anne Baxter
1431,Anthony Hopkins
1432,Adriana Lima
1433,Anne Bancroft
1434,Ava Gardner
1435,Albert Brooks
1436,Ben Kingsley
1437,Anne Baxter
1438,Andrew Garfield
1439,Bill Paxton
1440,Al Pacino
1441,Anne Baxter
1442,Anne Bancroft
1443,Anthony Hopkins
1444,Bill Pullman
1445,Bill Pullman
1446,['NONE']
1447,Angela Bassett
1448,Art Carney
1449,Art Carney
1450,Annette Bening
1451,Audrey Hepburn
1452,Anne Hathaway
1453,Anne Bancroft
1454,Andy Serkis
1455,Barabara Palvin
1456,Alexis Thorpe
1457,Anjelica Huston
1458,['NONE']
1459,['NONE']
1460,Aaron Paul
1461,Art Carney
1462,Ashley Graham
1463,Adriana Lima
1464,Alexis Thorpe
1465,['NONE']
1466,Al Pacino
1467,Alan Rickman
1468,Albert Finney
1469,Barabara Palvin
1470,Ben Kingsley
1471,Anderson Cooper
1472,Anne Baxter
1473,Anna Friel
1474,Art Carney
1475,Adrianne Palicki
1476,Anjelica Huston
1477,['NONE']
1478,Audrey Hepburn
1479,Berenice Bejo
1480,['NONE']
1481,Angela Bassett
1482,Barabara Palvin
1483,Audrey Hepburn
1484,Beyonce Knowles
1485,Al Pacino
1486,Alx James
1487,Alan Arkin
1488,Beyonce Knowles
1489,Ben Kingsley
1490,Albert Brooks
1491,Aaron Judge
1492,['NONE']
1493,['NONE']
1494,Aaron Judge
1495,Ben Affleck
1496,Andrew Garfield
1497,Angela Bassett
1498,Alexandra Daddario
1499,['NONE']
1500,Bernie Mac
1501,['NONE']
1502,Armin Mueller-Stahl
1503,Anne Bancroft
1504,Arnold Schwarzenegger
1505,Bernie Mac
1506,['NONE']
1507,['NONE']
1508,Andrew Luck
1509,['NONE']
1510,Audrey Hepburn
1511,Art Carney
1512,Beyonce Knowles
1513,Anthony Hopkins
1514,['NONE']
1515,Barabara Palvin
1516,['NONE']
1517,Anne Baxter
1518,['NONE']
1519,Ashley Graham
1520,Bill Paxton
1521,['NONE']
1522,Benicio Del Toro
1523,Alexis Thorpe
1524,Billy Bob Thornton
1525,Alx James
1526,Audrey Hepburn
1527,Alessandra Ambrosio
1528,Ben Kingsley
1529,['NONE']
1530,Ashley Graham
1531,['NONE']
1532,Adrianne Palicki
1533,Ava Gardner
1534,Albert Brooks
1535,Ava Gardner
1536,Analeigh Tipton
1537,Anne Baxter
1538,Anjelica Huston
1539,Albert Finney
1540,Anjelica Huston
1541,Anjelica Huston
1542,Anne Baxter
1543,Adele
1544,['NONE']
1545,Andy Murray
1546,Barbra Streisand
1547,Anjelica Huston
1548,Ben Kingsley
1549,Anne Baxter
1550,['NONE']
1551,Amanda Bynes
1552,Ben Kingsley
1553,Arnold Schwarzenegger
1554,Antonio Banderas
1555,Aaron Taylor-Johnson
1556,Anne Baxter
1557,Ava Gardner
1558,Anne Baxter
1559,Armin Mueller-Stahl
1560,Anna Kendrick
1561,Beyonce Knowles
1562,Albert Finney
1563,Ben Johnson
1564,Armin Mueller-Stahl
1565,Anne Bancroft
1566,Angela Bassett
1567,Ben Kingsley
1568,Amanda Crew
1569,['NONE']
1570,Alexis Thorpe
1571,['NONE']
1572,Bette Midler
1573,Anthony Hopkins
1574,Andrew Lincoln
1575,Anjelica Huston
1576,Andrew Garfield
1577,Adam Sandler
1578,Andy Serkis
1579,Ben Stiller
1580,Armin Mueller-Stahl
1581,Alan Rickman
1582,Bill Pullman
1583,Amanda Seyfried
1584,Alan Rickman
1585,Anne Baxter
1586,Adriana Barraza
1587,['NONE']
1588,Albert Finney
1589,Barabara Palvin
1590,['NONE']
1591,Audrey Hepburn
1592,Anjelica Huston
1593,Anne Bancroft
1594,Aaron Taylor-Johnson
1595,Ben Foster
1596,Anthony Perkins
1597,Alan Arkin
1598,Barabara Palvin
1599,['NONE']
1600,Art Carney
1601,Art Carney
1602,Ben Johnson
1603,['NONE']
1604,Anna Kendrick
1605,['NONE']
1606,['NONE']
1607,Bill Pullman
1608,Anthony Hopkins
1609,Anne Baxter
1610,Anderson Cooper
1611,['NONE']
1612,Anthony Hopkins
1613,Ben Affleck
1614,Alec Baldwin
1615,Anne Baxter
1616,Ava Gardner
1617,Bill Murray
1618,Alexander Skarsgard
1619,Anne Baxter
1620,Angela Bassett
1621,Anthony Mackie
1622,Audrey Hepburn
1623,Audrey Hepburn
1624,Aaron Paul
1625,Ava Gardner
1626,Bernie Mac
1627,Audrey Hepburn
1628,Aaron Judge
1629,Amanda Bynes
1630,Ben Kingsley
1631,Art Carney
1632,['NONE']
1633,Albert Finney
1634,Adele
1635,Billy Bob Thornton
1636,Anne Baxter
1637,Andrew Garfield
1638,Bette Midler
1639,['NONE']
1640,Anderson Cooper
1641,Albert Brooks
1642,Audrey Hepburn
1643,Audrey Hepburn
1644,Audrey Hepburn
1645,Bill Murray
1646,['NONE']
1647,Al Pacino
1648,Bill Murray
1649,Adele
1650,Adele
1651,Al Pacino
1652,['NONE']
1653,Akemi Darenogare
1654,Albert Finney
1655,Alan Alda
1656,Art Carney
1657,Alan Alda
1658,['NONE']
1659,Albert Finney
1660,['NONE']
1661,Anthony Perkins
1662,Adrien Brody
1663,Audrey Hepburn
1664,Ben Kingsley
1665,['NONE']
1666,Ben Foster
1667,Arnold Schwarzenegger
1668,Amanda Peet
1669,Anne Baxter
1670,Ava Gardner
1671,Beyonce Knowles
1672,Albert Finney
1673,Abigail Breslin
1674,Anthony Hopkins
1675,Adriana Lima
1676,['NONE']
1677,Annette Bening
1678,Anne Bancroft
1679,Barbra Streisand
1680,Art Carney
1681,Adele
1682,Akemi Darenogare
1683,Al Roker
1684,Al Pacino
1685,Art Carney
1686,Art Carney
1687,Ava Gardner
1688,Al Pacino
1689,Ben Stiller
1690,Andrew Garfield
1691,Ben Johnson
1692,['NONE']
1693,Audrey Hepburn
1694,Angela Bassett
1695,Bill Paxton
1696,Ben Johnson
1697,Ava Gardner
1698,Amy Adams
1699,Adele
1700,['NONE']
1701,Antonio Banderas
1702,Barbra Streisand
1703,['NONE']
1704,Anthony Mackie
1705,Betty White
1706,Alan Alda
1707,Bernie Mac
1708,['NONE']
1709,Anne Baxter
1710,Adele
1711,Art Carney
1712,Anne Baxter
1713,Amanda Bynes
1714,Ben Kingsley
1715,Anthony Perkins
1716,Alexander Skarsgard
1717,Barbra Streisand
1718,Barry Pepper
1719,Anne Baxter
1720,Art Carney
1721,Albert Brooks
1722,['NONE']
1723,Anthony Hopkins
1724,Amy Ryan
1725,Bill Paxton
1726,Bella Hadid
1727,Anne Baxter
1728,Armin Mueller-Stahl
1729,Anjelica Huston
1730,Abigail Breslin
1731,Alan Alda
1732,Anne Bancroft
1733,Albert Finney
1734,Aaron Judge
1735,['NONE']
1736,Adele
1737,Anjelica Huston
1738,Bella Hadid
1739,Ava Gardner
1740,Ben Johnson
1741,Anne Baxter
1742,Benicio Del Toro
1743,['NONE']
1744,Anne Baxter
1745,Bill Pullman
1746,Ben Foster
1747,Armin Mueller-Stahl
1748,Art Carney
1749,['NONE']
1750,Adriana Barraza
1751,Benicio Del Toro
1752,Benicio Del Toro
1753,Berenice Bejo
1754,Al Pacino
1755,Anna Sui
1756,Ben Foster
1757,Amanda Crew
1758,Anjelica Huston
1759,Betty White
1760,Ava Gardner
1761,Anthony Mackie
1762,Beyonce Knowles
1763,Anne Baxter
1764,Aaron Judge
1765,Anna Kendrick
1766,Alexis Thorpe
1767,Al Pacino
1768,Anne Baxter
1769,Art Carney
1770,Audrey Hepburn
1771,Armin Mueller-Stahl
1772,Andrew Lincoln
1773,Alan Alda
1774,Alec Baldwin
1775,Albert Brooks
1776,Ava Gardner
1777,Al Pacino
1778,Anne Bancroft
1779,Anthony Hopkins
1780,Billy Bob Thornton
1781,Billy Bob Thornton
1782,Anthony Perkins
1783,Barabara Palvin
1784,['NONE']
1785,Ashley Graham
1786,Art Carney
1787,Ben Foster
1788,Analeigh Tipton
1789,Benedict Cumberbatch
1790,Anjelica Huston
1791,Andy Garcia
1792,Bill Rancic
1793,Adriana Lima
1794,['NONE']
1795,Anna Friel
1796,['NONE']
1797,Ava Gardner
1798,Amanda Peet
1799,Anna Sui
1800,Bill Hader
1801,Ava Gardner
1802,Anjelica Huston
1803,Aaron Judge
1804,Andreea Diaconu
1805,Anjelica Huston
1806,Ava Gardner
1807,Andrew Garfield
1808,Audrey Hepburn
1809,Albert Finney
1810,Art Carney
1811,Bill Pullman
1812,Anna Sui
1813,Albert Finney
1814,Al Pacino
1815,Al Pacino
1816,['NONE']
1817,['NONE']
1818,['NONE']
1819,Audrey Hepburn
1820,['NONE']
1821,Armin Mueller-Stahl
1822,['NONE']
1823,Al Pacino
1824,Albert Finney
1825,Amy Ryan
1826,['NONE']
1827,Alan Alda
1828,['NONE']
1829,Albert Finney
1830,Art Carney
1831,Audrey Hepburn
1832,Anjelica Huston
1833,Bill Murray
1834,['NONE']
1835,Benicio Del Toro
1836,Andrew Garfield
1837,Ben Foster
1838,Alx James
1839,Amanda Bynes
1840,Berenice Bejo
1841,Andrew Luck
1842,Barry Pepper
1843,Art Carney
1844,Adriana Barraza
1845,Art Carney
1846,Barbra Streisand
1847,Billy Bob Thornton
1848,Art Carney
1849,Art Carney
1850,['NONE']
1851,Anthony Hopkins
1852,Bill Paxton
1853,Andy Garcia
1854,Aaron Taylor-Johnson
1855,['NONE']
1856,Amanda Crew
1857,Adriana Lima
1858,Adrianne Palicki
1859,Armin Mueller-Stahl
1860,Anne Bancroft
1861,Anthony Hopkins
1862,Bill Murray
1863,Ava Gardner
1864,Art Carney
1865,Anne Baxter
1866,Anderson Cooper
1867,Al Pacino
1868,['NONE']
1869,Anthony Perkins
1870,['NONE']
1871,Adele
1872,Ben Kingsley
1873,Anne Baxter
1874,Barbra Streisand
1875,Angelina Jolie
1876,Ava Gardner
1877,Alan Alda
1878,Audrey Hepburn
1879,Audrey Hepburn
1880,Anne Baxter
1881,Albert Finney
1882,Audrey Hepburn
1883,Benedict Cumberbatch
1884,Art Carney
1885,Albert Finney
1886,Alexander Skarsgard
1887,Alx James
1888,Anna Kendrick
1889,Anne Bancroft
1890,Adrien Brody
1891,Andie MacDowell
1892,Alexis Thorpe
1893,Benjamin Bratt
1894,Anne Baxter
1895,['NONE']
1896,Adele
1897,Andrew Luck
1898,Bernie Mac
1899,Albert Finney
1900,Alex Pettyfer
1901,Audrey Hepburn
1902,Andy Serkis
1903,Audrey Hepburn
1904,Albert Finney
1905,Billy Bob Thornton
1906,Adele
1907,Berenice Bejo
1908,Bill Rancic
1909,Annette Bening
1910,Al Pacino
1911,Barbra Streisand
1912,Ashley Graham
1913,Alan Rickman
1914,Bernie Mac
1915,Arnold Schwarzenegger
1916,Ben Foster
1917,Alx James
1918,Anthony Hopkins
1919,['NONE']
1920,Albert Brooks
1921,Adele
1922,['NONE']
1923,AnnaSophia Robb
1924,Alan Rickman
1925,Bernie Mac
1926,Ben Kingsley
1927,Adele
1928,Amy Ryan
1929,Anthony Perkins
1930,Albert Finney
1931,Art Carney
1932,Anna Kendrick
1933,Benjamin Bratt
1934,Betty White
1935,Bella Hadid
1936,Andy Serkis
1937,Anne Baxter
1938,Anna Kendrick
1939,Adele
1940,Barbra Streisand
1941,Armin Mueller-Stahl
1942,Anna Sui
1943,Al Pacino
1944,Beyonce Knowles
1945,Adele
1946,['NONE']
1947,['NONE']
1948,['NONE']
1949,Ava Gardner
1950,Art Carney
1951,Alan Alda
1952,Amy Schumer
1953,Albert Finney
1954,Anne Baxter
1955,Anthony Perkins
1956,Adam Sandler
1957,Adele
1958,Betty White
1959,Abigail Breslin
1960,Anne Bancroft
1961,['NONE']
1962,Audrey Hepburn
1963,Andreea Diaconu
1964,Al Pacino
1965,['NONE']
1966,Ali Larter
1967,Ben Kingsley
1968,Anne Baxter
1969,Audrey Hepburn
1970,Barbra Streisand
1971,Annette Bening
1972,Albert Finney
1973,Art Carney
1974,Art Carney
1975,Albert Finney
1976,Billy Bob Thornton
1977,Anne Baxter
1978,Alan Rickman
1979,Benedict Cumberbatch
1980,Beyonce Knowles
1981,Anjelica Huston
1982,Alex Pettyfer
1983,Anna Friel
1984,Arnold Schwarzenegger
1985,Albert Finney
1986,['NONE']
1987,Adele
1988,Alan Alda
1989,Art Carney
1990,Anthony Perkins
1991,Anthony Perkins
1992,Art Carney
1993,Armin Mueller-Stahl
1994,Art Carney
1995,Anne Bancroft
1996,Angela Bassett
1997,['NONE']
1998,['NONE']
1999,Alec Baldwin
2000,Adrien Brody
2001,Anthony Hopkins
2002,Andy Serkis
2003,Anne Baxter
2004,Ava Gardner
2005,Ben Kingsley
2006,Alx James
2007,Bill Murray
2008,['NONE']
2009,['NONE']
2010,Audrey Hepburn
2011,Adriana Lima
2012,['NONE']
2013,['NONE']
2014,Albert Finney
2015,Albert Brooks
2016,Anne Bancroft
2017,Albert Finney
2018,Adele
2019,Ben Affleck
2020,['NONE']
2021,Art Carney
2022,Bette Midler
2023,Anthony Perkins
2024,Anthony Hopkins
2025,Art Carney
2026,Ava Gardner
2027,Audrey Hepburn
2028,Anjelica Huston
2029,Ava Gardner
2030,Amanda Seyfried
2031,Angelina Jolie
2032,Adele
2033,Alexandra Daddario
2034,Anne Baxter
2035,Anthony Hopkins
2036,Anne Bancroft
2037,['NONE']
2038,Betty White
2039,Arnold Schwarzenegger
2040,['NONE']
2041,Andy Garcia
2042,Billy Bob Thornton
2043,Al Pacino
2044,Anjelica Huston
2045,Anthony Hopkins
2046,Alexandra Daddario
2047,Billy Bob Thornton
2048,Adrien Brody
2049,Albert Finney
2050,Armin Mueller-Stahl
2051,Anne Bancroft
2052,Ava Gardner
2053,['NONE']
2054,Art Carney
2055,Arnold Schwarzenegger
2056,Adele
2057,Andy Garcia
2058,Art Carney
2059,Alexis Thorpe
2060,['NONE']
2061,Adele
2062,Art Carney
2063,['NONE']
2064,Annette Bening
2065,['NONE']
2066,['NONE']
2067,Adele
2068,Amanda Bynes
2069,Amanda Crew
2070,Andie MacDowell
2071,['NONE']
2072,Andie MacDowell
2073,Anne Bancroft
2074,Ava Gardner
2075,AnnaSophia Robb
2076,Adele
2077,Ben Foster
2078,Anne Baxter
2079,Adrien Brody
2080,Anjelica Huston
2081,Al Pacino
2082,Arnold Schwarzenegger
2083,Bill Murray
2084,Anthony Hopkins
2085,Andy Garcia
2086,['NONE']
2087,Alan Alda
2088,['NONE']
2089,Ben Johnson
2090,Audrey Hepburn
2091,Alexis Thorpe
2092,Anne Bancroft
2093,['NONE']
2094,Albert Finney
2095,Bill Murray
2096,Albert Finney
2097,Albert Finney
2098,Alan Alda
2099,Alec Baldwin
2100,Ben Johnson
2101,Anne Bancroft
2102,Ben Stiller
2103,Amy Ryan
2104,Ava Gardner
2105,Alexandra Daddario
2106,Aaron Judge
2107,Ava Gardner
2108,Adrianne Palicki
2109,Andy Serkis
2110,Andy Samberg
2111,Aaron Taylor-Johnson
2112,Benedict Cumberbatch
2113,Anne Bancroft
2114,Alan Alda
2115,Benicio Del Toro
2116,Adele
2117,Art Carney
2118,Aaron Taylor-Johnson
2119,Amber Heard
2120,['NONE']
2121,Arnold Schwarzenegger
2122,Anna Friel
2123,Bill Hader
2124,Anthony Hopkins
2125,Anne Bancroft
2126,['NONE']
2127,Amy Ryan
2128,Anjelica Huston
2129,Albert Brooks
2130,Bill Paxton
2131,Benicio Del Toro
2132,Annette Bening
2133,Ali Larter
2134,Anne Baxter
2135,Albert Finney
2136,Audrey Hepburn
2137,Anne Bancroft
2138,Anthony Hopkins
2139,Armin Mueller-Stahl
2140,Ben Affleck
2141,Art Carney
2142,['NONE']
2143,Ava Gardner
2144,Aaron Paul
2145,Art Carney
2146,Alexandra Daddario
2147,Adrien Brody
2148,Bernie Mac
2149,Anne Baxter
2150,Anne Bancroft
2151,['NONE']
2152,Adrien Brody
2153,Anne Baxter
2154,Anne Baxter
2155,Anne Bancroft
2156,Audrey Hepburn
2157,Ashley Greene
2158,Ben Affleck
2159,Bill Murray
2160,Ali Larter
2161,Adele
2162,Anjelica Huston
2163,Anne Baxter
2164,Alan Alda
2165,Adele
2166,['NONE']
2167,Analeigh Tipton
2168,Adele
2169,Alexis Thorpe
2170,Bill Paxton
2171,Anjelica Huston
2172,Amy Schumer
2173,Albert Brooks
2174,Art Carney
2175,Ava Gardner
2176,Analeigh Tipton
2177,Anna Kendrick
2178,Audrey Hepburn
2179,Bill Paxton
2180,Ben Johnson
2181,Aaron Taylor-Johnson
2182,Art Carney
2183,Al Pacino
2184,['NONE']
2185,Bernie Mac
2186,Alice Eve
2187,Audrey Hepburn
2188,Berenice Bejo
2189,Barabara Palvin
2190,Anna Sui
2191,Albert Finney
2192,Antonio Banderas
2193,Bill Paxton
2194,Adele
2195,Amanda Crew
2196,Barabara Palvin
2197,Ava Gardner
2198,Adele
2199,Andy Murray
2200,Anne Baxter
2201,Adele
2202,['NONE']
2203,Audrey Hepburn
2204,Angelina Jolie
2205,Art Carney
2206,Anthony Perkins
2207,Ava Gardner
2208,['NONE']
2209,['NONE']
2210,Bill Murray
2211,Armin Mueller-Stahl
2212,Alan Alda
2213,Anne Baxter
2214,Anne Bancroft
2215,Audrey Hepburn
2216,Adele
2217,Bernie Mac
2218,Ben Johnson
2219,Barabara Palvin
2220,['NONE']
2221,Andrew Lincoln
2222,Anne Baxter
2223,Barbra Streisand
2224,Audrey Hepburn
2225,Anthony Perkins
2226,Al Pacino
2227,Adele
2228,Andrew Lincoln
2229,Andrew Luck
2230,Benicio Del Toro
2231,Al Pacino
2232,Arnold Schwarzenegger
2233,Anthony Perkins
2234,Albert Finney
2235,['NONE']
2236,Ava Gardner
2237,['NONE']
2238,Ava Gardner
2239,Art Carney
2240,Adriana Barraza
2241,Adele
2242,Alan Arkin
2243,Anne Baxter
2244,Aaron Judge
2245,Ben Kingsley
2246,['NONE']
2247,Ava Gardner
2248,Andy Garcia
2249,['NONE']
2250,Ava Gardner
2251,Beyonce Knowles
2252,Ava Gardner
2253,Audrey Hepburn
2254,Albert Finney
2255,Bill Rancic
2256,Anne Bancroft
2257,['NONE']
2258,Art Carney
2259,['NONE']
2260,Betty White
2261,Barry Pepper
2262,Al Pacino
2263,Alan Alda
2264,Arnold Schwarzenegger
2265,['NONE']
2266,Anne Baxter
2267,Anne Baxter
2268,['NONE']
2269,Anne Baxter
2270,Andy Serkis
2271,Albert Finney
2272,Bill Paxton
2273,Alan Rickman
2274,Anne Baxter
2275,Alexandra Daddario
2276,Bella Hadid
2277,Adele
2278,Adele
2279,Al Pacino
2280,Bill Murray
2281,Bill Hader
2282,Alexander Skarsgard
2283,Art Carney
2284,Ben Johnson
2285,Anthony Hopkins
2286,Ava Gardner
2287,Anthony Perkins
2288,Audrey Hepburn
2289,Ben Foster
2290,Ben Johnson
2291,Adele
2292,Aaron Taylor-Johnson
2293,Anne Baxter
2294,Anne Baxter
2295,Art Carney
2296,Bill Murray
2297,Amanda Seyfried
2298,Anne Bancroft
2299,Adele
2300,Ben Kingsley
2301,['NONE']
2302,Aaron Paul
2303,Alexandra Daddario
2304,Ben Kingsley
2305,Alexandra Daddario
2306,Ashley Greene
2307,Arnold Schwarzenegger
2308,Barabara Palvin
2309,Adriana Lima
2310,['NONE']
2311,Alan Rickman
2312,['NONE']
2313,Bernie Mac
2314,Ben Foster
2315,['NONE']
2316,Beyonce Knowles
2317,Abigail Breslin
2318,Anne Baxter
2319,Anna Faris
2320,Anthony Perkins
2321,Al Pacino
2322,Benicio Del Toro
2323,Bill Pullman
2324,['NONE']
2325,Amy Ryan
2326,Anne Baxter
2327,Andrew Garfield
2328,Alan Alda
2329,Adele
2330,Betty White
2331,Andy Serkis
2332,Benicio Del Toro
2333,Anthony Hopkins
2334,Anthony Hopkins
2335,Ava Gardner
2336,Abigail Breslin
2337,['NONE']
2338,Beyonce Knowles
2339,Albert Brooks
2340,['NONE']
2341,Barry Pepper
2342,Anne Bancroft
2343,Anthony Perkins
2344,Adrien Brody
2345,Anjelica Huston
2346,Ben Stiller
2347,Ben Johnson
2348,Barry Pepper
2349,Beyonce Knowles
2350,['NONE']
2351,Barbra Streisand
2352,Anthony Perkins
2353,['NONE']
2354,Al Roker
2355,Bill Pullman
2356,Aaron Judge
2357,Amanda Peet
2358,Ashley Greene
2359,['NONE']
2360,Amy Ryan
2361,Anjelica Huston
2362,Ben Kingsley
2363,Bernie Mac
2364,Ashley Graham
2365,['NONE']
2366,Ben Stiller
2367,Albert Brooks
2368,['NONE']
2369,Albert Finney
2370,Benjamin Bratt
2371,Audrey Hepburn
2372,Ben Stiller
2373,Beyonce Knowles
2374,Albert Finney
2375,Alexis Thorpe
2376,Al Pacino
2377,Anne Baxter
2378,Ben Kingsley
2379,Barbra Streisand
2380,['NONE']
2381,Alec Baldwin
2382,Anne Baxter
2383,Aaron Taylor-Johnson
2384,Andrew Garfield
2385,Anthony Hopkins
2386,Annette Bening
2387,Anthony Hopkins
2388,['NONE']
2389,Albert Finney
2390,Betty White
2391,Analeigh Tipton
2392,Angelina Jolie
2393,Barabara Palvin
2394,Audrey Hepburn
2395,Ben Affleck
2396,Bette Midler
2397,Adele
2398,Alan Rickman
2399,Billy Bob Thornton
2400,Ashton Kutcher
2401,Bernie Mac
2402,Bill Paxton
2403,Anne Baxter
2404,Bill Murray
2405,Bill Murray
2406,Anjelica Huston
2407,Anthony Perkins
2408,Albert Finney
2409,Beyonce Knowles
2410,AnnaSophia Robb
2411,['NONE']
2412,Benedict Cumberbatch
2413,Antonio Banderas
2414,Anna Friel
2415,['NONE']
2416,Albert Finney
2417,Anna Faris
2418,Audrey Hepburn
2419,Alexander Skarsgard
2420,Adele
2421,Audrey Hepburn
2422,Anne Bancroft
2423,Anne Bancroft
2424,Ava Gardner
2425,['NONE']
2426,Alan Alda
2427,Alan Rickman
2428,Ben Kingsley
2429,Anna Faris
2430,Anne Baxter
2431,['NONE']
2432,Amy Ryan
2433,Arnold Schwarzenegger
2434,Anjelica Huston
2435,Anne Baxter
2436,Art Carney
2437,Art Carney
2438,Ava Gardner
2439,['NONE']
2440,Adele
2441,Anjelica Huston
2442,Alan Alda
2443,Abigail Breslin
2444,Anthony Perkins
2445,Bill Pullman
2446,Anthony Perkins
2447,Alan Alda
2448,['NONE']
2449,Audrey Hepburn
2450,Anthony Perkins
2451,Billy Bob Thornton
2452,Amanda Seyfried
2453,Angela Bassett
2454,Bill Hader
2455,Anne Baxter
2456,Aaron Taylor-Johnson
2457,Anthony Perkins
2458,Adriana Lima
2459,Alex Pettyfer
2460,Ben Kingsley
2461,Albert Finney
2462,Alexis Thorpe
2463,Art Carney
2464,Anne Bancroft
2465,Anthony Mackie
2466,Aaron Judge
2467,Anthony Hopkins
2468,Bill Murray
2469,['NONE']
2470,['NONE']
2471,['NONE']
2472,Ben Foster
2473,Audrey Hepburn
2474,Barbra Streisand
2475,Barabara Palvin
2476,Beyonce Knowles
2477,Beyonce Knowles
2478,['NONE']
2479,Adele
2480,Anthony Hopkins
2481,Albert Finney
2482,Anne Baxter
2483,Armin Mueller-Stahl
2484,Anne Baxter
2485,Andy Serkis
2486,Benedict Cumberbatch
2487,Bette Midler
2488,Benjamin Bratt
2489,Andrew Garfield
2490,Audrey Hepburn
2491,Ashley Graham
2492,Alx James
2493,Barry Pepper
2494,Anthony Hopkins
2495,Berenice Bejo
2496,Adele
2497,Anne Baxter
2498,Anne Baxter
2499,['NONE']
2500,Anne Bancroft
2501,Anne Baxter
2502,Albert Finney
2503,Bella Hadid
2504,Audrey Hepburn
2505,Art Carney
2506,Anna Sui
2507,Anne Baxter
2508,Anne Bancroft
2509,Anjelica Huston
2510,Ava Gardner
2511,Alexandra Daddario
2512,Alan Rickman
2513,Art Carney
2514,Barry Pepper
2515,Annette Bening
2516,Anna Friel
2517,['NONE']
2518,Betty White
2519,AnnaSophia Robb
2520,Amy Schumer
2521,Anne Baxter
2522,Barabara Palvin
2523,['NONE']
2524,Andy Serkis
2525,Art Carney
2526,Andy Samberg
2527,Anne Baxter
2528,['NONE']
2529,Andy Samberg
2530,Anderson Cooper
2531,Audrey Hepburn
2532,Andy Garcia
2533,Berenice Bejo
2534,Art Carney
2535,Alexandra Daddario
2536,Anthony Perkins
2537,Bill Paxton
2538,Alex Pettyfer
2539,Anthony Mackie
2540,Bella Hadid
2541,Anne Baxter
2542,Ashley Graham
2543,Alessandra Ambrosio
2544,['NONE']
2545,Alicia Vikander
2546,Analeigh Tipton
2547,Albert Finney
2548,Berenice Bejo
2549,Barbra Streisand
2550,Amy Ryan
2551,Benedict Cumberbatch
2552,Anne Baxter
2553,Analeigh Tipton
2554,['NONE']
2555,Anthony Hopkins
2556,['NONE']
2557,Al Pacino
2558,Adriana Barraza
2559,Adrianne Palicki
2560,['NONE']
2561,Ashley Greene
2562,Art Carney
2563,Alessandra Ambrosio
2564,Anne Baxter
2565,Art Carney
2566,Al Pacino
2567,Barbra Streisand
2568,Betty White
2569,Alex Pettyfer
2570,Anne Bancroft
2571,['NONE']
2572,Adele
2573,Audrey Hepburn
2574,Anna Paquin
2575,['NONE']
2576,Alan Rickman
2577,Andy Serkis
2578,['NONE']
2579,Alexander Skarsgard
2580,Alexandra Daddario
2581,['NONE']
2582,Adam Sandler
2583,Audrey Hepburn
2584,Albert Finney
2585,Al Pacino
2586,Beyonce Knowles
2587,Benicio Del Toro
2588,Alan Rickman
2589,Ava Gardner
2590,Albert Finney
2591,['NONE']
2592,Alessandra Ambrosio
2593,Barbra Streisand
2594,['NONE']
2595,Analeigh Tipton
2596,Art Carney
2597,Anjelica Huston
2598,Anthony Mackie
2599,Anthony Perkins
2600,Amanda Seyfried
2601,Anderson Cooper
2602,Anne Baxter
2603,Anne Baxter
2604,Amanda Crew
2605,Ava Gardner
2606,Ben Affleck
2607,['NONE']
2608,['NONE']
2609,Alan Alda
2610,Alec Baldwin
2611,Analeigh Tipton
2612,Ben Affleck
2613,Andy Serkis
2614,Ava Gardner
2615,['NONE']
2616,Al Pacino
2617,Albert Finney
2618,Alan Rickman
2619,Alx James
2620,Audrey Hepburn
2621,Andy Garcia
2622,Benicio Del Toro
2623,['NONE']
2624,Ava Gardner
2625,Audrey Hepburn
2626,['NONE']
2627,Benicio Del Toro
2628,Bill Murray
2629,Aaron Judge
2630,Anthony Hopkins
2631,Ashton Kutcher
2632,Anthony Perkins
2633,Adrianne Palicki
2634,Audrey Tautou
2635,Andy Murray
2636,Anne Hathaway
2637,['NONE']
2638,Audrey Hepburn
2639,Ava Gardner
2640,Barabara Palvin
2641,Adele
2642,Barbra Streisand
2643,Ava Gardner
2644,Beyonce Knowles
2645,Audrey Hepburn
2646,Bill Murray
2647,Ben Kingsley
2648,Albert Finney
2649,Ava Gardner
2650,Amanda Seyfried
2651,['NONE']
2652,Barry Pepper
2653,Billy Bob Thornton
2654,Anna Kendrick
2655,Adriana Lima
2656,Alan Alda
2657,Anne Baxter
2658,Barbra Streisand
2659,Anne Bancroft
2660,Anna Friel
2661,Arnold Schwarzenegger
2662,Ben Johnson
2663,Anne Baxter
2664,Anne Bancroft
2665,Anne Bancroft
2666,Analeigh Tipton
2667,Adam Sandler
2668,['NONE']
2669,Albert Finney
2670,Amy Ryan
2671,Annette Bening
2672,['NONE']
2673,Ben Johnson
2674,Andy Samberg
2675,Art Carney
2676,Bill Murray
2677,Ben Foster
2678,Art Carney
2679,['NONE']
2680,['NONE']
2681,Berenice Bejo
2682,Anne Bancroft
2683,Ashley Graham
2684,Albert Brooks
2685,['NONE']
2686,Arnold Schwarzenegger
2687,Adele
2688,Art Carney
2689,Albert Finney
2690,Albert Brooks
2691,Annette Bening
2692,['NONE']
2693,Anthony Hopkins
2694,['NONE']
2695,Berenice Bejo
2696,Anjelica Huston
2697,Ben Foster
2698,Betty White
2699,Angelina Jolie
2700,['NONE']
2701,Bill Pullman
2702,Alex Pettyfer
2703,Aaron Judge
2704,Anne Bancroft
2705,Betty White
2706,Alexandra Daddario
2707,Alan Arkin
2708,Ben Kingsley
2709,Bill Paxton
2710,Anne Baxter
2711,Benicio Del Toro
2712,Ava Gardner
2713,Ben Kingsley
2714,Amanda Seyfried
2715,Anna Kendrick
2716,Adrianne Palicki
2717,Audrey Hepburn
2718,Anne Baxter
2719,['NONE']
2720,Abigail Breslin
2721,Adele
2722,Bill Hader
2723,Adele
2724,Audrey Hepburn
2725,['NONE']
2726,Amy Ryan
2727,['NONE']
2728,Albert Brooks
2729,Aaron Taylor-Johnson
2730,['NONE']
2731,Alan Rickman
2732,Ava Gardner
2733,Art Carney
2734,Adrien Brody
2735,['NONE']
2736,Betty White
2737,['NONE']
2738,Amanda Peet
2739,['NONE']
2740,Alexis Thorpe
2741,Art Carney
2742,Benjamin Bratt
2743,Amanda Seyfried
2744,Albert Finney
2745,Albert Finney
2746,Anthony Hopkins
2747,Ashton Kutcher
2748,Abigail Breslin
2749,Aaron Judge
2750,Audrey Hepburn
2751,Anne Baxter
2752,Alan Alda
2753,Bill Pullman
2754,Anna Kendrick
2755,Anthony Mackie
2756,Audrey Hepburn
2757,Anne Bancroft
2758,Ben Johnson
2759,Alexander Skarsgard
2760,Art Carney
2761,Bill Paxton
2762,['NONE']
2763,Audrey Hepburn
2764,Anjelica Huston
2765,Amber Heard
2766,Bernie Mac
2767,Adrianne Palicki
2768,Anne Baxter
2769,Albert Finney
2770,Adele
2771,Audrey Hepburn
2772,['NONE']
2773,['NONE']
2774,['NONE']
2775,Ava Gardner
2776,Analeigh Tipton
2777,['NONE']
2778,Alex Pettyfer
2779,Ben Affleck
2780,['NONE']
2781,Ava Gardner
2782,Alexander Skarsgard
2783,Ava Gardner
2784,['NONE']
2785,Aaron Judge
2786,Ben Foster
2787,Barabara Palvin
2788,['NONE']
2789,Alexis Thorpe
2790,Audrey Hepburn
2791,Albert Finney
2792,Anthony Hopkins
2793,Andrew Luck
2794,Anjelica Huston
2795,['NONE']
2796,Andrew Luck
2797,Anne Hathaway
2798,Audrey Hepburn
2799,Albert Finney
2800,Albert Finney
2801,Barabara Palvin
2802,Barbra Streisand
2803,['NONE']
2804,Anna Kendrick
2805,Art Carney
2806,Antonio Banderas
2807,Bill O Reilly
2808,Berenice Bejo
2809,['NONE']
2810,Bill Murray
2811,Ava Gardner
2812,Ben Kingsley
2813,Audrey Tautou
2814,Ava Gardner
2815,Adele
2816,Angelina Jolie
2817,Anne Baxter
2818,Andy Garcia
2819,['NONE']
2820,Ben Foster
2821,Art Carney
2822,Anne Baxter
2823,Art Carney
2824,Ava Gardner
2825,Art Carney
2826,Andrew Garfield
2827,Art Carney
2828,['NONE']
2829,Anthony Perkins
2830,Alan Alda
2831,Alan Rickman
2832,Anne Baxter
2833,Anjelica Huston
2834,Benicio Del Toro
2835,Amanda Seyfried
2836,Armin Mueller-Stahl
2837,Alexandra Daddario
2838,Barabara Palvin
2839,Anthony Perkins
2840,Alexis Thorpe
2841,Alexander Skarsgard
2842,Anne Bancroft
2843,Ava Gardner
2844,Ben Kingsley
2845,Adrianne Palicki
2846,Anjelica Huston
2847,Bill Murray
2848,Anne Bancroft
2849,Anne Baxter
2850,Anne Baxter
2851,Amy Schumer
2852,['NONE']
2853,Ben Stiller
2854,Armin Mueller-Stahl
2855,Art Carney
2856,Anthony Hopkins
2857,Alec Baldwin
2858,Ben Kingsley
2859,Anne Bancroft
2860,Albert Brooks
2861,Anthony Hopkins
2862,Anna Sui
2863,Adriana Barraza
2864,['NONE']
2865,Ben Kingsley
2866,Ben Kingsley
2867,Adriana Lima
2868,Anne Bancroft
2869,Alexander Skarsgard
2870,Adrianne Palicki
2871,Ashley Graham
2872,Anna Sui
2873,Ava Gardner
2874,Ava Gardner
2875,Bill Murray
2876,['NONE']
2877,Art Carney
2878,AnnaSophia Robb
2879,['NONE']
2880,Benicio Del Toro
2881,Betty White
2882,Anne Baxter
2883,Anne Baxter
2884,Alan Alda
2885,Anne Baxter
2886,Art Carney
2887,Barry Pepper
2888,Alexis Thorpe
2889,Ben Kingsley
2890,Audrey Hepburn
2891,Annette Bening
2892,['NONE']
2893,Adrianne Palicki
2894,Adele
2895,Anjelica Huston
2896,['NONE']
2897,['NONE']
2898,Anne Baxter
2899,Anne Bancroft
2900,Analeigh Tipton
2901,Anthony Hopkins
2902,Ava Gardner
2903,['NONE']
2904,Ali Larter
2905,Barry Pepper
2906,Arnold Schwarzenegger
2907,['NONE']
2908,Barbra Streisand
2909,['NONE']
2910,Anthony Perkins
2911,Audrey Hepburn
2912,Amanda Seyfried
2913,Barry Pepper
2914,Audrey Hepburn
2915,Adrianne Palicki
2916,Amanda Crew
2917,Alan Rickman
2918,Alexis Thorpe
2919,Andrew Lincoln
2920,Alan Alda
2921,Art Carney
2922,Ava Gardner
2923,Alex Pettyfer
2924,Aaron Taylor-Johnson
2925,Ava Gardner
2926,Anne Baxter
2927,Adele
2928,Amy Adams
2929,['NONE']
2930,Audrey Hepburn
2931,Beyonce Knowles
2932,Anne Baxter
2933,Adrianne Palicki
2934,Audrey Hepburn
2935,Anne Baxter
2936,['NONE']
2937,Amy Schumer
2938,['NONE']
2939,Anne Baxter
2940,Adele
2941,['NONE']
2942,Albert Finney
2943,['NONE']
2944,Antonio Banderas
2945,Ava Gardner
2946,Billy Bob Thornton
2947,['NONE']
2948,Arnold Schwarzenegger
2949,Art Carney
2950,Annette Bening
2951,Art Carney
2952,Adele
2953,Amanda Crew
2954,Anthony Mackie
2955,Ben Stiller
2956,Adriana Lima
2957,Al Pacino
2958,['NONE']
2959,Andrew Lincoln
2960,Anthony Hopkins
2961,Barbra Streisand
2962,Anthony Hopkins
2963,Amanda Peet
2964,Ben Kingsley
2965,Andie MacDowell
2966,Ashley Graham
2967,Barabara Palvin
2968,['NONE']
2969,['NONE']
2970,['NONE']
2971,Barbra Streisand
2972,Andy Murray
2973,Alan Arkin
2974,Bernie Mac
2975,Anthony Perkins
2976,Benicio Del Toro
2977,Arnold Schwarzenegger
2978,Andrew Garfield
2979,Audrey Hepburn
2980,Anthony Perkins
2981,Alan Alda
2982,Aaron Taylor-Johnson
2983,Ashley Judd
2984,Anne Bancroft
2985,['NONE']
2986,Ben Foster
2987,Amy Ryan
2988,['NONE']
2989,['NONE']
2990,Alice Eve
2991,Albert Finney
2992,Arnold Schwarzenegger
2993,['NONE']
2994,Andy Serkis
2995,Antonio Banderas
2996,Barry Pepper
2997,Ava Gardner
2998,Audrey Hepburn
2999,Arnold Schwarzenegger
3000,Ashley Greene
3001,Anne Bancroft
3002,Billy Bob Thornton
3003,Anthony Hopkins
3004,Anjelica Huston
3005,Albert Brooks
3006,Bella Hadid
3007,Anderson Cooper
3008,Anne Baxter
3009,['NONE']
3010,Aaron Taylor-Johnson
3011,Ava Gardner
3012,Bill Pullman
3013,Anne Baxter
3014,Bill Paxton
3015,Ava Gardner
3016,Bernie Mac
3017,Anthony Perkins
3018,['NONE']
3019,Abigail Breslin
3020,['NONE']
3021,Anne Bancroft
3022,Adam Sandler
3023,Anthony Mackie
3024,Anne Baxter
3025,Anjelica Huston
3026,Adele
3027,['NONE']
3028,Ava Gardner
3029,Anna Sui
3030,Alessandra Ambrosio
3031,Armin Mueller-Stahl
3032,Bill Daley
3033,Anjelica Huston
3034,Anne Bancroft
3035,Benedict Cumberbatch
3036,Bill Pullman
3037,Alec Baldwin
3038,Audrey Hepburn
3039,Audrey Hepburn
3040,Bill Pullman
3041,Alec Baldwin
3042,Alan Alda
3043,Amanda Peet
3044,['NONE']
3045,['NONE']
3046,Ben Kingsley
3047,Armin Mueller-Stahl
3048,Ava Gardner
3049,['NONE']
3050,['NONE']
3051,Barry Pepper
3052,Anderson Cooper
3053,['NONE']
3054,Alec Baldwin
3055,Anthony Perkins
3056,['NONE']
3057,Ava Gardner
3058,Art Carney
3059,['NONE']
3060,Ava Gardner
3061,Ben Johnson
3062,Ava Gardner
3063,Adele
3064,Alan Alda
3065,Barabara Palvin
3066,Al Pacino
3067,Anderson Cooper
3068,Anne Baxter
3069,Bill Paxton
3070,Al Pacino
3071,['NONE']
3072,Ben Foster
3073,Anne Bancroft
3074,Anne Baxter
3075,Bella Hadid
3076,Alexis Thorpe
3077,Anna Kendrick
3078,Arnold Schwarzenegger
3079,Audrey Hepburn
3080,Alexander Skarsgard
3081,Anjelica Huston
3082,Arnold Schwarzenegger
3083,Art Carney
3084,Abigail Breslin
3085,Anthony Perkins
3086,Audrey Hepburn
3087,Anthony Hopkins
3088,['NONE']
3089,Anthony Perkins
3090,Anne Baxter
3091,Anne Bancroft
3092,Art Carney
3093,Al Pacino
3094,['NONE']
3095,Arnold Schwarzenegger
3096,Audrey Hepburn
3097,['NONE']
3098,Audrey Hepburn
3099,Anne Bancroft
3100,Bill Murray
3101,Barry Pepper
3102,Alan Arkin
3103,['NONE']
3104,Anthony Mackie
3105,Ben Stiller
3106,Anna Paquin
3107,Alan Rickman
3108,Ashley Graham
3109,['NONE']
3110,['NONE']
3111,Art Carney
3112,Bill Murray
3113,Amanda Bynes
3114,Armin Mueller-Stahl
3115,Ashley Graham
3116,Anthony Perkins
3117,Alan Alda
3118,['NONE']
3119,Anne Bancroft
3120,Al Roker
3121,Alan Alda
3122,Albert Finney
3123,Anne Baxter
3124,Adrianne Palicki
3125,Alan Alda
3126,Alexandra Daddario
3127,Alexis Thorpe
3128,Arnold Schwarzenegger
3129,Berenice Bejo
3130,Al Pacino
3131,Anne Baxter
3132,['NONE']
3133,Andrew Garfield
3134,Alan Rickman
3135,Barabara Palvin
3136,Art Carney
3137,['NONE']
3138,Anne Baxter
3139,Alx James
3140,Art Carney
3141,Anjelica Huston
3142,Art Carney
3143,['NONE']
3144,Ava Gardner
3145,Anthony Perkins
3146,Ben Johnson
3147,Ashley Graham
3148,['NONE']
3149,Anthony Perkins
3150,bella thorne
3151,Ava Gardner
3152,Barabara Palvin
3153,['NONE']
3154,Albert Brooks
3155,Arnold Schwarzenegger
3156,Art Carney
3157,Anjelica Huston
3158,['NONE']
3159,Amanda Crew
3160,Ava Gardner
3161,Amy Ryan
3162,Andrew Garfield
3163,['NONE']
3164,Andrew Garfield
3165,Anthony Hopkins
3166,Anthony Mackie
3167,Adele
3168,['NONE']
3169,Antonio Banderas
3170,Audrey Hepburn
3171,Ben Foster
3172,Ali Larter
3173,Berenice Bejo
3174,Ava Gardner
3175,Andreea Diaconu
3176,Barbra Streisand
3177,['NONE']
3178,Ben Affleck
3179,Benjamin Bratt
3180,Anjelica Huston
3181,Anne Baxter
3182,['NONE']
3183,Alexander Skarsgard
3184,Armin Mueller-Stahl
3185,Ava Gardner
3186,Anne Baxter
3187,Alexander Skarsgard
3188,Anna Friel
3189,Ben Affleck
3190,Bette Midler
3191,Art Carney
3192,Amanda Crew
3193,Benicio Del Toro
3194,Andy Garcia
3195,['NONE']
3196,Audrey Hepburn
3197,Bill Hader
3198,Ava Gardner
3199,Anna Kendrick
3200,Albert Finney
3201,Audrey Hepburn
3202,Anne Baxter
3203,Anna Kendrick
3204,['NONE']
3205,Benedict Cumberbatch
3206,Amy Adams
3207,Art Carney
3208,Anthony Perkins
3209,Anna Paquin
3210,Bill Murray
3211,Ava Gardner
3212,Barbra Streisand
3213,Bill Murray
3214,Anthony Perkins
3215,Al Roker
3216,Antonio Banderas
3217,Alan Rickman
3218,Audrey Hepburn
3219,Audrey Hepburn
3220,Andy Murray
3221,Bill Daley
3222,Ben Johnson
3223,Alan Arkin
3224,Anthony Perkins
3225,Anthony Hopkins
3226,Ava Gardner
3227,Anthony Hopkins
3228,Barbra Streisand
3229,Benicio Del Toro
3230,['NONE']
3231,Bill Pullman
3232,Barbra Streisand
3233,Bill Pullman
3234,Albert Brooks
3235,Art Carney
3236,Analeigh Tipton
3237,Audrey Hepburn
3238,Art Carney
3239,Amy Schumer
3240,Armin Mueller-Stahl
3241,Barabara Palvin
3242,Anna Friel
3243,Bill Murray
3244,Arnold Schwarzenegger
3245,Anderson Cooper
3246,Anthony Hopkins
3247,Anthony Hopkins
3248,Audrey Tautou
3249,Anne Baxter
3250,Analeigh Tipton
3251,Bill Daley
3252,Audrey Hepburn
3253,AnnaSophia Robb
3254,Alex Pettyfer
3255,Adrien Brody
3256,Anjelica Huston
3257,Alan Rickman
3258,Ava Gardner
3259,Anne Baxter
3260,Bill Pullman
3261,Anthony Hopkins
3262,Albert Finney
3263,Ava Gardner
3264,Akemi Darenogare
3265,Ashley Graham
3266,Anne Bancroft
3267,Ava Gardner
3268,Aaron Taylor-Johnson
3269,Anthony Hopkins
3270,['NONE']
3271,Anna Faris
3272,Ben Kingsley
3273,Angelina Jolie
3274,Art Carney
3275,Al Pacino
3276,Anne Bancroft
3277,Al Pacino
3278,['NONE']
3279,Aaron Paul
3280,Anthony Mackie
3281,Ava Gardner
3282,Anne Baxter
3283,Albert Finney
3284,Ava Gardner
3285,['NONE']
3286,Art Carney
3287,Anthony Perkins
3288,Alex Pettyfer
3289,Al Roker
3290,Alexandra Daddario
3291,Alice Eve
3292,Anne Baxter
3293,Anne Baxter
3294,Alec Baldwin
3295,Albert Brooks
3296,Ava Gardner
3297,['NONE']
3298,Albert Finney
3299,Art Carney
3300,Benedict Cumberbatch
3301,Anna Kendrick
3302,Bernie Mac
3303,Andreea Diaconu
3304,Adele
3305,['NONE']
3306,Amanda Crew
3307,Alexis Thorpe
3308,Andrew Garfield
3309,['NONE']
3310,Art Carney
3311,Anna Kendrick
3312,Adrien Brody
3313,['NONE']
3314,Bill Pullman
3315,Aaron Judge
3316,Anthony Mackie
3317,['NONE']
3318,Benicio Del Toro
3319,Ben Kingsley
3320,Andrew Garfield
3321,Analeigh Tipton
3322,['NONE']
3323,Antonio Banderas
3324,['NONE']
3325,Anthony Mackie
3326,Barry Pepper
3327,Anne Baxter
3328,Anne Baxter
3329,['NONE']
3330,Albert Finney
3331,['NONE']
3332,Audrey Hepburn
3333,['NONE']
3334,Andie MacDowell
3335,Armin Mueller-Stahl
3336,Ava Gardner
3337,Annette Bening
3338,Anne Baxter
3339,Albert Finney
3340,Alan Alda
3341,Alicia Vikander
3342,Albert Finney
3343,Audrey Hepburn
3344,Berenice Bejo
3345,Andreea Diaconu
3346,Arnold Schwarzenegger
3347,Alexander Skarsgard
3348,Ali Larter
3349,Ava Gardner
3350,Andreea Diaconu
3351,Audrey Hepburn
3352,Audrey Tautou
3353,Ben Kingsley
3354,Adriana Lima
3355,Anderson Cooper
3356,Alexandra Daddario
3357,['NONE']
3358,Ava Gardner
3359,Barabara Palvin
3360,Anthony Hopkins
3361,['NONE']
3362,Ava Gardner
3363,Anthony Hopkins
3364,Alice Eve
3365,['NONE']
3366,Andrew Garfield
3367,Andy Garcia
3368,['NONE']
3369,Andy Serkis
3370,Ava Gardner
3371,Ben Kingsley
3372,Ben Johnson
3373,Anne Baxter
3374,['NONE']
3375,Benicio Del Toro
3376,Bernie Mac
3377,Albert Finney
3378,Art Carney
3379,Art Carney
3380,Ava Gardner
3381,Anne Baxter
3382,Anthony Perkins
3383,Ava Gardner
3384,Anthony Perkins
3385,Barry Pepper
3386,Adriana Lima
3387,Anthony Hopkins
3388,Albert Finney
3389,['NONE']
3390,Anne Baxter
3391,Ashley Greene
3392,Alan Arkin
3393,Anjelica Huston
3394,Art Carney
3395,Annette Bening
3396,Bill Hader
3397,Alx James
3398,Albert Finney
3399,Ben Foster
3400,Alan Alda
3401,Bernie Mac
3402,Benicio Del Toro
3403,Art Carney
3404,['NONE']
3405,Anthony Perkins
3406,Berenice Bejo
3407,Anna Kendrick
3408,Benicio Del Toro
3409,Anne Baxter
3410,['NONE']
3411,['NONE']
3412,Anna Faris
3413,Betty White
3414,['NONE']
3415,Amy Schumer
3416,['NONE']
3417,Berenice Bejo
3418,Anne Baxter
3419,Alx James
3420,Alexis Thorpe
3421,Anne Bancroft
3422,Ben Stiller
3423,Anthony Perkins
3424,['NONE']
3425,Bill Pullman
3426,Andy Garcia
3427,Anthony Hopkins
3428,Ben Kingsley
3429,['NONE']
3430,Anthony Perkins
3431,['NONE']
3432,Alx James
3433,Angelina Jolie
3434,['NONE']
3435,Ben Kingsley
3436,Andy Garcia
3437,Alexis Thorpe
3438,Anne Bancroft
3439,Alexis Thorpe
3440,Alexandra Daddario
3441,Bill Pullman
3442,Adrien Brody
3443,Anne Baxter
3444,Ava Gardner
3445,Anthony Hopkins
3446,Anne Bancroft
3447,Anjelica Huston
3448,Benicio Del Toro
3449,['NONE']
3450,Al Pacino
3451,['NONE']
3452,Alexis Thorpe
3453,Albert Brooks
3454,['NONE']
3455,Anne Baxter
3456,Alan Alda
3457,Annette Bening
3458,['NONE']
3459,Al Pacino
3460,Ava Gardner
3461,['NONE']
3462,Andy Garcia
3463,Ava Gardner
3464,Anthony Hopkins
3465,Anne Hathaway
3466,Ava Gardner
3467,Andy Samberg
3468,Adrianne Palicki
3469,['NONE']
3470,Al Pacino
3471,Ben Kingsley
3472,['NONE']
3473,Ben Kingsley
3474,Anjelica Huston
3475,Anne Baxter
3476,Bernie Mac
3477,Anne Baxter
3478,Art Carney
3479,Arnold Schwarzenegger
3480,Amy Schumer
3481,['NONE']
3482,Berenice Bejo
3483,Adrien Brody
3484,Ben Kingsley
3485,Art Carney
3486,Adrianne Palicki
3487,Albert Finney
3488,Bette Midler
3489,Antonio Banderas
3490,Albert Finney
3491,Andreea Diaconu
3492,Analeigh Tipton
3493,Albert Brooks
3494,Andreea Diaconu
3495,Adriana Lima
3496,Ben Johnson
3497,Albert Finney
3498,Andreea Diaconu
3499,Audrey Hepburn
3500,Benicio Del Toro
3501,Benicio Del Toro
3502,Adrien Brody
3503,['NONE']
3504,Audrey Hepburn
3505,Amanda Bynes
3506,Bernie Mac
3507,Anjelica Huston
3508,Barbra Streisand
3509,Anne Baxter
3510,Alice Eve
3511,Alan Alda
3512,Anne Baxter
3513,Anne Baxter
3514,Armin Mueller-Stahl
3515,Armin Mueller-Stahl
3516,Adele
3517,Ava Gardner
3518,Alexander Skarsgard
3519,Albert Finney
3520,['NONE']
3521,Anne Baxter
3522,Ava Gardner
3523,Alexandra Daddario
3524,Albert Brooks
3525,Arnold Schwarzenegger
3526,Ben Affleck
3527,Amanda Seyfried
3528,Benicio Del Toro
3529,Anna Sui
3530,Adriana Lima
3531,Adele
3532,Art Carney
3533,Anthony Perkins
3534,Anthony Hopkins
3535,Benedict Cumberbatch
3536,Audrey Hepburn
3537,Alan Alda
3538,Alice Eve
3539,Ben Kingsley
3540,Amy Ryan
3541,Anthony Perkins
3542,Audrey Hepburn
3543,['NONE']
3544,Betty White
3545,['NONE']
3546,Alan Alda
3547,Bill Pullman
3548,Alexis Thorpe
3549,Betty White
3550,Bill Murray
3551,Anne Baxter
3552,Benicio Del Toro
3553,Barabara Palvin
3554,Ava Gardner
3555,Ava Gardner
3556,Audrey Hepburn
3557,Ava Gardner
3558,['NONE']
3559,Bill Daley
3560,Audrey Hepburn
3561,Ben Foster
3562,Audrey Hepburn
3563,Albert Finney
3564,Anne Baxter
3565,Audrey Tautou
3566,Betty White
3567,['NONE']
3568,['NONE']
3569,Anne Baxter
3570,['NONE']
3571,['NONE']
3572,Anjelica Huston
3573,['NONE']
3574,Anne Baxter
3575,Amy Ryan
3576,Audrey Hepburn
3577,Albert Finney
3578,Alan Rickman
3579,Anne Bancroft
3580,Beyonce Knowles
3581,Amanda Crew
3582,Albert Finney
3583,Ben Stiller
3584,Alessandra Ambrosio
3585,Ava Gardner
3586,Alan Rickman
3587,Ashley Greene
3588,Anthony Perkins
3589,Anthony Mackie
3590,Bernie Mac
3591,Anjelica Huston
3592,Bill Paxton
3593,Anjelica Huston
3594,Anna Paquin
3595,Ben Stiller
3596,Alan Alda
3597,Berenice Bejo
3598,Ava Gardner
3599,Bill Daley
3600,Alessandra Ambrosio
3601,Art Carney
3602,Ben Johnson
3603,Art Carney
3604,['NONE']
3605,Bill Hader
3606,Anne Bancroft
3607,Abigail Breslin
3608,Ben Johnson
3609,Anjelica Huston
3610,Albert Finney
3611,Bella Hadid
3612,Aaron Judge
3613,Alan Arkin
3614,Bette Midler
3615,Ben Foster
3616,Beyonce Knowles
3617,Anne Baxter
3618,Betty White
3619,Audrey Hepburn
3620,Anthony Hopkins
3621,Alan Rickman
3622,Andreea Diaconu
3623,Betty White
3624,['NONE']
3625,Anjelica Huston
3626,Audrey Hepburn
3627,Antonio Banderas
3628,Anne Bancroft
3629,Andie MacDowell
3630,Art Carney
3631,Audrey Hepburn
3632,Anne Baxter
3633,['NONE']
3634,Alexis Thorpe
3635,Alec Baldwin
3636,Ashley Judd
3637,Analeigh Tipton
3638,Alice Eve
3639,Bill O Reilly
3640,Andreea Diaconu
3641,Alec Baldwin
3642,Arnold Schwarzenegger
3643,Anna Kendrick
3644,Anne Baxter
3645,Bill Paxton
3646,Audrey Hepburn
3647,Ava Gardner
3648,Barry Pepper
3649,Ali Larter
3650,Aaron Taylor-Johnson
3651,Arnold Schwarzenegger
3652,Amanda Bynes
3653,Alx James
3654,Audrey Hepburn
3655,Art Carney
3656,Antonio Banderas
3657,Alexis Thorpe
3658,Andrew Garfield
3659,Amanda Crew
3660,Beyonce Knowles
3661,Anthony Perkins
3662,Benedict Cumberbatch
3663,['NONE']
3664,Art Carney
3665,Albert Finney
3666,Anne Baxter
3667,Alx James
3668,Albert Brooks
3669,Albert Finney
3670,Ava Gardner
3671,Albert Finney
3672,Audrey Hepburn
3673,Anne Baxter
3674,Anna Kendrick
3675,Alec Baldwin
3676,AnnaSophia Robb
3677,Albert Finney
3678,Benicio Del Toro
3679,['NONE']
3680,Audrey Hepburn
3681,['NONE']
3682,Alexander Skarsgard
3683,['NONE']
3684,Anthony Perkins
3685,Ava Gardner
3686,Audrey Hepburn
3687,Albert Finney
3688,Anderson Cooper
3689,['NONE']
3690,['NONE']
3691,Alice Eve
3692,Alexis Thorpe
3693,Bernie Mac
3694,Analeigh Tipton
3695,Alexandra Daddario
3696,Bernie Mac
3697,Anthony Hopkins
3698,Ben Affleck
3699,Amanda Seyfried
3700,Andie MacDowell
3701,Adele
3702,Andrew Luck
3703,Art Carney
3704,Bill Pullman
3705,Barabara Palvin
3706,Barabara Palvin
3707,['NONE']
3708,Aaron Judge
3709,Arnold Schwarzenegger
3710,Arnold Schwarzenegger
3711,Anderson Cooper
3712,Art Carney
3713,Ava Gardner
3714,Albert Finney
3715,Benedict Cumberbatch
3716,Ashley Graham
3717,Anne Baxter
3718,Alessandra Ambrosio
3719,Antonio Banderas
3720,Ben Kingsley
3721,Bernie Mac
3722,Anjelica Huston
3723,Anne Baxter
3724,Benedict Cumberbatch
3725,Art Carney
3726,Art Carney
3727,Ben Johnson
3728,Benjamin Bratt
3729,Audrey Hepburn
3730,Ashton Kutcher
3731,['NONE']
3732,Amanda Crew
3733,Anna Kendrick
3734,Aaron Paul
3735,['NONE']
3736,Ava Gardner
3737,Angela Bassett
3738,Barabara Palvin
3739,Andrew Garfield
3740,Anne Bancroft
3741,Ava Gardner
3742,Alexander Skarsgard
3743,Ava Gardner
3744,['NONE']
3745,Albert Finney
3746,['NONE']
3747,Andrew Garfield
3748,['NONE']
3749,Alexander Skarsgard
3750,Art Carney
3751,Anderson Cooper
3752,['NONE']
3753,['NONE']
3754,['NONE']
3755,Albert Brooks
3756,Analeigh Tipton
3757,Bill Pullman
3758,Bette Midler
3759,Albert Brooks
3760,Anthony Perkins
3761,['NONE']
3762,Art Carney
3763,Amber Heard
3764,Al Pacino
3765,Andreea Diaconu
3766,Arnold Schwarzenegger
3767,Arnold Schwarzenegger
3768,Adele
3769,Anne Baxter
3770,Andreea Diaconu
3771,Albert Finney
3772,Andrew Luck
3773,Bernie Mac
3774,Angela Bassett
3775,['NONE']
3776,Audrey Hepburn
3777,['NONE']
3778,Anne Bancroft
3779,Ben Johnson
3780,Audrey Hepburn
3781,Anne Hathaway
3782,Art Carney
3783,['NONE']
3784,Ava Gardner
3785,Anne Bancroft
3786,Audrey Hepburn
3787,['NONE']
3788,['NONE']
3789,Benicio Del Toro
3790,Ali Larter
3791,Anthony Hopkins
3792,Ben Kingsley
3793,Adriana Lima
3794,Anthony Perkins
3795,Ben Stiller
3796,Andrew Garfield
3797,Armin Mueller-Stahl
3798,Alexis Thorpe
3799,['NONE']
3800,Anthony Hopkins
3801,Anne Baxter
3802,['NONE']
3803,Antonio Banderas
3804,Andy Garcia
3805,Bill Hader
3806,Andy Serkis
3807,Alx James
3808,Arnold Schwarzenegger
3809,Ava Gardner
3810,Ava Gardner
3811,Bill Murray
3812,Anne Bancroft
3813,Bill Hader
3814,Adriana Barraza
3815,Art Carney
3816,Aaron Judge
3817,Alan Alda
3818,Alec Baldwin
3819,['NONE']
3820,Arnold Schwarzenegger
3821,Andrew Lincoln
3822,Ben Kingsley
3823,Al Pacino
3824,Beyonce Knowles
3825,Art Carney
3826,Alx James
3827,Akemi Darenogare
3828,Anjelica Huston
3829,Audrey Hepburn
3830,Art Carney
3831,['NONE']
3832,Anna Kendrick
3833,Albert Finney
3834,Art Carney
3835,Bernie Mac
3836,Adele
3837,Alessandra Ambrosio
3838,Anthony Mackie
3839,['NONE']
3840,Andie MacDowell
3841,Art Carney
3842,['NONE']
3843,Al Roker
3844,Andy Murray
3845,Andreea Diaconu
3846,Ben Kingsley
3847,Albert Finney
3848,['NONE']
3849,['NONE']
3850,Anthony Hopkins
3851,Anna Sui
3852,Anthony Mackie
3853,Bella Hadid
3854,Adele
3855,Ava Gardner
3856,Antonio Banderas
3857,['NONE']
3858,['NONE']
3859,Al Pacino
3860,AnnaSophia Robb
3861,Adele
3862,Anna Paquin
3863,Aaron Judge
3864,Art Carney
3865,Alx James
3866,Adrianne Palicki
3867,Bill Murray
3868,Ben Stiller
3869,Audrey Hepburn
3870,Ben Kingsley
3871,['NONE']
3872,Anderson Cooper
3873,Anna Kendrick
3874,Ava Gardner
3875,Bernie Mac
3876,Anna Sui
3877,Armin Mueller-Stahl
3878,Anne Baxter
3879,Alexis Thorpe
3880,Alan Alda
3881,Ben Affleck
3882,['NONE']
3883,Anne Baxter
3884,Bernie Mac
3885,Abigail Breslin
3886,Alex Pettyfer
3887,Ava Gardner
3888,Adele
3889,Alan Arkin
3890,Amanda Crew
3891,Art Carney
3892,Barbra Streisand
3893,Ava Gardner
3894,Bill Pullman
3895,Art Carney
3896,Benicio Del Toro
3897,Bill Murray
3898,Adrien Brody
3899,Anne Bancroft
3900,Art Carney
3901,Ben Affleck
3902,Ben Stiller
3903,Alessandra Ambrosio
3904,Adrianne Palicki
3905,Arnold Schwarzenegger
3906,Bernie Mac
3907,['NONE']
3908,Amy Ryan
3909,['NONE']
3910,Armin Mueller-Stahl
3911,Abigail Breslin
3912,Anne Baxter
3913,Alexandra Daddario
3914,Ava Gardner
3915,['NONE']
3916,Anjelica Huston
3917,Ashley Judd
3918,['NONE']
3919,Albert Finney
3920,Ben Affleck
3921,['NONE']
3922,Andy Garcia
3923,Bernie Mac
3924,Ava Gardner
3925,['NONE']
3926,Al Pacino
3927,Anna Faris
3928,Ava Gardner
3929,Alx James
3930,Ava Gardner
3931,Alessandra Ambrosio
3932,Barabara Palvin
3933,Billy Bob Thornton
3934,Annette Bening
3935,Andrew Garfield
3936,Art Carney
3937,Ava Gardner
3938,['NONE']
3939,Anne Bancroft
3940,Barbra Streisand
3941,Amanda Bynes
3942,Ben Stiller
3943,['NONE']
3944,['NONE']
3945,Ashley Greene
3946,Al Pacino
3947,Ben Kingsley
3948,Berenice Bejo
3949,Art Carney
3950,['NONE']
3951,Ava Gardner
3952,['NONE']
3953,Bernie Mac
3954,Art Carney
3955,Art Carney
3956,Art Carney
3957,Bernie Mac
3958,Anthony Hopkins
3959,Anne Baxter
3960,Anne Baxter
3961,Albert Finney
3962,Anthony Hopkins
3963,Ben Johnson
3964,Amy Adams
3965,Anne Baxter
3966,Ava Gardner
3967,Amy Ryan
3968,Barbra Streisand
3969,Albert Brooks
3970,Berenice Bejo
3971,Ava Gardner
3972,Billy Bob Thornton
3973,['NONE']
3974,Bill Paxton
3975,Arnold Schwarzenegger
3976,['NONE']
3977,['NONE']
3978,Arnold Schwarzenegger
3979,Alex Pettyfer
3980,Bernie Mac
3981,Abigail Breslin
3982,['NONE']
3983,Betty White
3984,Alexis Thorpe
3985,Anthony Mackie
3986,Albert Finney
3987,Alan Rickman
3988,Alx James
3989,Art Carney
3990,Ben Kingsley
3991,['NONE']
3992,['NONE']
3993,Adele
3994,Betty White
3995,Ashley Judd
3996,Barbra Streisand
3997,Audrey Hepburn
3998,Ben Affleck
3999,Barbra Streisand
4000,Anna Paquin
4001,['NONE']
4002,Alan Alda
4003,Adrianne Palicki
4004,['NONE']
4005,Barbra Streisand
4006,Ashley Graham
4007,Bill Murray
4008,['NONE']
4009,Art Carney
4010,Akemi Darenogare
4011,Andrew Lincoln
4012,['NONE']
4013,['NONE']
4014,Anthony Perkins
4015,Anthony Mackie
4016,Ben Affleck
4017,Ben Stiller
4018,['NONE']
4019,Albert Finney
4020,Arnold Schwarzenegger
4021,Anthony Perkins
4022,Andy Murray
4023,Anne Bancroft
4024,Antonio Banderas
4025,Amanda Bynes
4026,Anjelica Huston
4027,Ashley Greene
4028,Anne Baxter
4029,['NONE']
4030,Andy Garcia
4031,Albert Finney
4032,['NONE']
4033,Ben Johnson
4034,Alexander Skarsgard
4035,['NONE']
4036,Alexis Thorpe
4037,Bill Paxton
4038,Ava Gardner
4039,['NONE']
4040,Andrew Garfield
4041,['NONE']
4042,Art Carney
4043,Andreea Diaconu
4044,Anne Bancroft
4045,Alexandra Daddario
4046,Alx James
4047,Ben Johnson
4048,['NONE']
4049,Andrew Luck
4050,Amy Ryan
4051,Al Pacino
4052,Ben Kingsley
4053,Aaron Paul
4054,Adele
4055,Al Pacino
4056,Benjamin Bratt
4057,Albert Finney
4058,Ava Gardner
4059,Audrey Hepburn
4060,Bill Murray
4061,Art Carney
4062,Andrew Lincoln
4063,Anne Baxter
4064,Art Carney
4065,['NONE']
4066,Al Pacino
4067,Ben Johnson
4068,['NONE']
4069,Albert Finney
4070,Ben Johnson
4071,Barry Pepper
4072,Adriana Lima
4073,Ben Kingsley
4074,Anna Kendrick
4075,Anderson Cooper
4076,Benjamin Bratt
4077,Anna Faris
4078,Arnold Schwarzenegger
4079,Bella Hadid
4080,Albert Finney
4081,Amy Ryan
4082,Barabara Palvin
4083,Ben Kingsley
4084,Anna Kendrick
4085,Ashley Greene
4086,Barabara Palvin
4087,['NONE']
4088,Anne Baxter
4089,Alexandra Daddario
4090,Arnold Schwarzenegger
4091,Barabara Palvin
4092,Audrey Hepburn
4093,Anne Baxter
4094,Bill Pullman
4095,['NONE']
4096,Anne Baxter
4097,Andy Samberg
4098,Andy Garcia
4099,Bette Midler
4100,['NONE']
4101,Abigail Breslin
4102,Alan Alda
4103,Anne Bancroft
4104,Bill Daley
4105,Ashley Graham
4106,Ben Johnson
4107,Billy Bob Thornton
4108,Andy Garcia
4109,['NONE']
4110,Ava Gardner
4111,Anna Friel
4112,Beyonce Knowles
4113,Al Pacino
4114,Audrey Hepburn
4115,Adrianne Palicki
4116,Analeigh Tipton
4117,Anthony Hopkins
4118,Alexis Thorpe
4119,Anne Bancroft
4120,Anne Baxter
4121,Anthony Hopkins
4122,Art Carney
4123,Alexis Thorpe
4124,Adele
4125,Ashton Kutcher
4126,Armin Mueller-Stahl
4127,Ben Affleck
4128,['NONE']
4129,Barabara Palvin
4130,Aaron Judge
4131,Andrew Lincoln
4132,Albert Finney
4133,Audrey Hepburn
4134,Art Carney
4135,Alexander Skarsgard
4136,Anthony Perkins
4137,Adriana Lima
4138,Ali Larter
4139,Bernie Mac
4140,Anne Bancroft
4141,['NONE']
4142,['NONE']
4143,['NONE']
4144,Adrien Brody
4145,Audrey Hepburn
4146,Andrew Lincoln
4147,Anne Baxter
4148,Audrey Hepburn
4149,Amanda Peet
4150,Anne Baxter
4151,Amanda Seyfried
4152,Alexandra Daddario
4153,Bill Paxton
4154,Anne Baxter
4155,['NONE']
4156,Adele
4157,['NONE']
4158,Adele
4159,Ashton Kutcher
4160,Andrew Garfield
4161,Amber Heard
4162,Beyonce Knowles
4163,Albert Brooks
4164,Adele
4165,Adele
4166,Bella Hadid
4167,Ben Kingsley
4168,Barabara Palvin
4169,Anne Baxter
4170,Ashley Graham
4171,Betty White
4172,Adele
4173,Ben Kingsley
4174,Ashley Judd
4175,['NONE']
4176,Bella Hadid
4177,Al Pacino
4178,Barbra Streisand
4179,Bill Paxton
4180,Andrew Garfield
4181,Albert Brooks
4182,Albert Finney
4183,Ava Gardner
4184,['NONE']
4185,Bill Paxton
4186,Alex Pettyfer
4187,Barabara Palvin
4188,Andy Garcia
4189,Alexandra Daddario
4190,['NONE']
4191,['NONE']
4192,Barabara Palvin
4193,Ashley Greene
4194,Alan Rickman
4195,Benicio Del Toro
4196,Audrey Hepburn
4197,Benedict Cumberbatch
4198,Anthony Mackie
4199,Ava Gardner
4200,Anthony Perkins
4201,Betty White
4202,Anne Bancroft
4203,Albert Finney
4204,['NONE']
4205,Betty White
4206,Ashley Judd
4207,Anthony Hopkins
4208,Barbra Streisand
4209,Audrey Hepburn
4210,Aaron Paul
4211,Anthony Hopkins
4212,Anne Baxter
4213,Amanda Crew
4214,Andrew Garfield
4215,Amanda Seyfried
4216,Aaron Judge
4217,Andrew Luck
4218,Barbra Streisand
4219,Ashley Graham
4220,['NONE']
4221,['NONE']
4222,Adriana Barraza
4223,Beyonce Knowles
4224,['NONE']
4225,Al Pacino
4226,Abigail Breslin
4227,Anjelica Huston
4228,Alexandra Daddario
4229,AnnaSophia Robb
4230,Alex Pettyfer
4231,Arnold Schwarzenegger
4232,Ben Affleck
4233,Bette Midler
4234,['NONE']
4235,Art Carney
4236,Anthony Perkins
4237,['NONE']
4238,Adele
4239,Anthony Hopkins
4240,['NONE']
4241,Bill Murray
4242,Anthony Hopkins
4243,Barabara Palvin
4244,Bernie Mac
4245,Amanda Peet
4246,Art Carney
4247,Anne Baxter
4248,Bill Pullman
4249,Ava Gardner
4250,['NONE']
4251,Anthony Perkins
4252,Alan Alda
4253,Barry Pepper
4254,Adriana Barraza
4255,['NONE']
4256,Akemi Darenogare
4257,Alan Rickman
4258,Anthony Hopkins
4259,Art Carney
4260,Anthony Mackie
4261,['NONE']
4262,Anthony Hopkins
4263,Anne Baxter
4264,Arnold Schwarzenegger
4265,Albert Finney
4266,Art Carney
4267,['NONE']
4268,Anne Baxter
4269,Ava Gardner
4270,Anne Bancroft
4271,Aaron Judge
4272,Angela Bassett
4273,Ben Johnson
4274,Ben Stiller
4275,Andy Garcia
4276,Adele
4277,Barabara Palvin
4278,Anne Baxter
4279,Anthony Mackie
4280,Aaron Taylor-Johnson
4281,Ava Gardner
4282,Ava Gardner
4283,Art Carney
4284,['NONE']
4285,Alan Rickman
4286,Alx James
4287,Anthony Perkins
4288,Adele
4289,Albert Brooks
4290,Anthony Perkins
4291,Al Pacino
4292,Beyonce Knowles
4293,Ashley Greene
4294,Andy Garcia
4295,Alec Baldwin
4296,Barbra Streisand
4297,Bernie Mac
4298,Andy Garcia
4299,Ava Gardner
4300,Anne Bancroft
4301,Anthony Perkins
4302,Bill Hader
4303,['NONE']
4304,Bill Paxton
4305,Beyonce Knowles
4306,Albert Brooks
4307,Benicio Del Toro
4308,Adriana Lima
4309,Arnold Schwarzenegger
4310,Berenice Bejo
4311,Art Carney
4312,Alex Pettyfer
4313,Alec Baldwin
4314,Anne Bancroft
4315,Bill Murray
4316,Alexander Skarsgard
4317,['NONE']
4318,Alx James
4319,Ben Kingsley
4320,Barry Pepper
4321,Audrey Hepburn
4322,['NONE']
4323,Alx James
4324,Anne Baxter
4325,['NONE']
4326,['NONE']
4327,['NONE']
4328,Analeigh Tipton
4329,Art Carney
4330,['NONE']
4331,Alexander Skarsgard
4332,Audrey Hepburn
4333,Bernie Mac
4334,Anna Kendrick
4335,Adele
4336,Aaron Judge
4337,Alessandra Ambrosio
4338,Albert Finney
4339,Art Carney
4340,Alexis Thorpe
4341,Aaron Judge
4342,['NONE']
4343,Anne Bancroft
4344,Audrey Hepburn
4345,Angela Bassett
4346,['NONE']
4347,['NONE']
4348,['NONE']
4349,Alex Pettyfer
4350,['NONE']
4351,Betty White
4352,Albert Brooks
4353,Betty White
4354,Audrey Tautou
4355,Anne Bancroft
4356,Albert Finney
4357,Arnold Schwarzenegger
4358,Ava Gardner
4359,Benicio Del Toro
4360,Alex Pettyfer
4361,Alexandra Daddario
4362,Aaron Judge
4363,Billy Bob Thornton
4364,Amanda Crew
4365,Ben Affleck
4366,['NONE']
4367,Barabara Palvin
4368,Anthony Perkins
4369,Anjelica Huston
4370,Bill Rancic
4371,Ashley Greene
4372,Bill Paxton
4373,Ben Kingsley
4374,['NONE']
4375,Alexis Thorpe
4376,Adrianne Palicki
4377,Anne Baxter
4378,Amy Schumer
4379,Angelina Jolie
4380,Alx James
4381,Berenice Bejo
4382,Bill Daley
4383,Alexis Thorpe
4384,Adele
4385,Amanda Bynes
4386,Anthony Mackie
4387,Audrey Hepburn
4388,Anthony Perkins
4389,Ben Johnson
4390,['NONE']
4391,['NONE']
4392,Adrianne Palicki
4393,['NONE']
4394,Amy Adams
4395,Anthony Hopkins
4396,Ben Kingsley
4397,Audrey Hepburn
4398,['NONE']
4399,Anne Baxter
4400,Ashley Graham
4401,Anne Bancroft
4402,Billy Bob Thornton
4403,Amanda Peet
4404,Betty White
4405,['NONE']
4406,Arnold Schwarzenegger
4407,Alan Rickman
4408,Andy Samberg
4409,Anthony Hopkins
4410,Anne Baxter
4411,['NONE']
4412,['NONE']
4413,Ava Gardner
4414,Anne Baxter
4415,Alx James
4416,Albert Finney
4417,['NONE']
4418,Andie MacDowell
4419,Andrew Garfield
4420,Alex Pettyfer
4421,Ben Kingsley
4422,Art Carney
4423,Ben Kingsley
4424,Anthony Hopkins
4425,Audrey Tautou
4426,Adele
4427,Andreea Diaconu
4428,Analeigh Tipton
4429,Albert Finney
4430,['NONE']
4431,Anne Baxter
4432,['NONE']
4433,Amy Ryan
4434,Anthony Hopkins
4435,Ben Johnson
4436,['NONE']
4437,['NONE']
4438,Ben Kingsley
4439,Ben Affleck
4440,Berenice Bejo
4441,Audrey Hepburn
4442,Berenice Bejo
4443,Andrew Luck
4444,Ava Gardner
4445,Beyonce Knowles
4446,Anthony Hopkins
4447,Anne Baxter
4448,Ben Johnson
4449,Audrey Hepburn
4450,Anne Bancroft
4451,['NONE']
4452,Anthony Hopkins
4453,Abigail Breslin
4454,Ashley Judd
4455,['NONE']
4456,Andrew Luck
4457,Audrey Hepburn
4458,Audrey Hepburn
4459,Bette Midler
4460,Ava Gardner
4461,['NONE']
4462,Ben Johnson
4463,Anthony Perkins
4464,Albert Finney
4465,Andy Serkis
4466,['NONE']
4467,Amy Adams
4468,Alec Baldwin
4469,Al Pacino
4470,['NONE']
4471,Al Pacino
4472,['NONE']
4473,Adele
4474,Anne Baxter
4475,['NONE']
4476,Benedict Cumberbatch
4477,Bill Paxton
4478,Akemi Darenogare
4479,Ben Kingsley
4480,Alx James
4481,['NONE']
4482,['NONE']
4483,Alan Rickman
4484,['NONE']
4485,Barabara Palvin
4486,Amy Ryan
4487,Adele
4488,Benicio Del Toro
4489,Audrey Hepburn
4490,['NONE']
4491,['NONE']
4492,Al Pacino
4493,Ashley Graham
4494,Ava Gardner
4495,Anthony Perkins
4496,Albert Finney
4497,Beyonce Knowles
4498,Adele
4499,Alexis Thorpe
4500,Andrew Garfield
4501,Barabara Palvin
4502,Ben Kingsley
4503,Arnold Schwarzenegger
4504,Bella Hadid
4505,Ava Gardner
4506,Andy Garcia
4507,['NONE']
4508,Benicio Del Toro
4509,Analeigh Tipton
4510,Art Carney
4511,Ava Gardner
4512,Amber Heard
4513,['NONE']
4514,Alexis Thorpe
4515,Ashley Graham
4516,Ben Johnson
4517,Albert Brooks
4518,Andie MacDowell
4519,Art Carney
4520,Anne Baxter
4521,Aaron Taylor-Johnson
4522,Aaron Paul
4523,Anderson Cooper
4524,Armin Mueller-Stahl
4525,Adele
4526,Ava Gardner
4527,Bella Hadid
4528,Alessandra Ambrosio
4529,Art Carney
4530,Adrien Brody
4531,Anthony Mackie
4532,Berenice Bejo
4533,Alexander Skarsgard
4534,Alan Rickman
4535,['NONE']
4536,Andrew Luck
4537,Bill Murray
4538,Audrey Hepburn
4539,Anthony Mackie
4540,Anne Baxter
4541,['NONE']
4542,Ben Johnson
4543,Ashley Greene
4544,Andy Garcia
4545,Albert Finney
4546,Bette Midler
4547,Amanda Seyfried
4548,Anthony Perkins
4549,bella thorne
4550,Anne Bancroft
4551,Barabara Palvin
4552,Amanda Peet
4553,Bill Daley
4554,Amanda Bynes
4555,Andrew Lincoln
4556,Audrey Hepburn
4557,Bernie Mac
4558,Art Carney
4559,Alexis Thorpe
4560,Adele
4561,Ben Kingsley
4562,Adele
4563,Amy Schumer
4564,Bernie Mac
4565,Al Roker
4566,Bella Hadid
4567,['NONE']
4568,Albert Finney
4569,Bette Midler
4570,Benedict Cumberbatch
4571,Bella Hadid
4572,Anjelica Huston
4573,Bernie Mac
4574,Andy Serkis
4575,Art Carney
4576,Analeigh Tipton
4577,Aaron Judge
4578,Albert Brooks
4579,Alan Arkin
4580,Alan Arkin
4581,Analeigh Tipton
4582,Barbra Streisand
4583,Adele
4584,Anthony Mackie
4585,Anthony Hopkins
4586,Beyonce Knowles
4587,Andy Serkis
4588,Anne Baxter
4589,Ava Gardner
4590,Anjelica Huston
4591,['NONE']
4592,Alex Pettyfer
4593,Beyonce Knowles
4594,Amanda Seyfried
4595,Anthony Hopkins
4596,Alx James
4597,Adele
4598,Analeigh Tipton
4599,Armin Mueller-Stahl
4600,Ava Gardner
4601,Andrew Lincoln
4602,Adrien Brody
4603,Anne Bancroft
4604,Al Pacino
4605,Benedict Cumberbatch
4606,Andy Garcia
4607,Ben Johnson
4608,Anne Bancroft
4609,Amanda Bynes
4610,['NONE']
4611,['NONE']
4612,Anne Baxter
4613,Andy Garcia
4614,Benedict Cumberbatch
4615,Ben Johnson
4616,Antonio Banderas
4617,Anna Kendrick
4618,Anjelica Huston
4619,Betty White
4620,['NONE']
4621,Aaron Judge
4622,Barabara Palvin
4623,Bernie Mac
4624,Anjelica Huston
4625,Ben Stiller
4626,Anne Bancroft
4627,Ava Gardner
4628,['NONE']
4629,Aaron Judge
4630,Arnold Schwarzenegger
4631,Angela Bassett
4632,['NONE']
4633,Ashley Greene
4634,['NONE']
4635,Anna Friel
4636,Alexander Skarsgard
4637,Adele
4638,Aaron Paul
4639,Ben Affleck
4640,Aaron Judge
4641,Anne Baxter
4642,Anne Bancroft
4643,Art Carney
4644,Ben Kingsley
4645,Anne Baxter
4646,Art Carney
4647,Antonio Banderas
4648,['NONE']
4649,Anne Baxter
4650,Anthony Hopkins
4651,Anne Bancroft
4652,Bill Hader
4653,Barabara Palvin
4654,['NONE']
4655,Art Carney
4656,['NONE']
4657,Berenice Bejo
4658,Art Carney
4659,Ben Kingsley
4660,Alessandra Ambrosio
4661,Betty White
4662,Ava Gardner
4663,Adele
4664,Anne Bancroft
4665,Art Carney
4666,Barry Pepper
4667,Ava Gardner
4668,Aaron Taylor-Johnson
4669,Alan Rickman
4670,Alexis Thorpe
4671,['NONE']
4672,Art Carney
4673,Ava Gardner
4674,Anne Bancroft
4675,Anthony Hopkins
4676,Andrew Garfield
4677,Alan Arkin
4678,Bella Hadid
4679,Adriana Lima
4680,Bernie Mac
4681,Amanda Crew
4682,Amber Heard
4683,Anna Kendrick
4684,['NONE']
4685,Amber Heard
4686,Art Carney
4687,Annette Bening
4688,Aaron Taylor-Johnson
4689,['NONE']
4690,Anjelica Huston
4691,Alexandra Daddario
4692,['NONE']
4693,Anthony Hopkins
4694,Anthony Perkins
4695,Berenice Bejo
4696,['NONE']
4697,Al Pacino
4698,Bernie Mac
4699,Betty White
4700,Albert Finney
4701,Ali Larter
4702,Anjelica Huston
4703,['NONE']
4704,Audrey Hepburn
4705,Andrew Luck
4706,Art Carney
4707,Anthony Perkins
4708,Betty White
4709,['NONE']
4710,Anna Kendrick
4711,Ava Gardner
4712,Arnold Schwarzenegger
4713,Armin Mueller-Stahl
4714,Alan Arkin
4715,Albert Finney
4716,Betty White
4717,Ava Gardner
4718,Barbra Streisand
4719,Ava Gardner
4720,Betty White
4721,Ava Gardner
4722,['NONE']
4723,Anthony Hopkins
4724,Berenice Bejo
4725,Beyonce Knowles
4726,Anthony Hopkins
4727,Ashley Graham
4728,Armin Mueller-Stahl
4729,Ben Johnson
4730,Antonio Banderas
4731,Berenice Bejo
4732,AnnaSophia Robb
4733,Ashley Graham
4734,Barry Pepper
4735,['NONE']
4736,Ava Gardner
4737,['NONE']
4738,Ava Gardner
4739,Anne Baxter
4740,Audrey Hepburn
4741,Benicio Del Toro
4742,Alan Arkin
4743,Anne Baxter
4744,Anna Kendrick
4745,Berenice Bejo
4746,Bernie Mac
4747,Ashley Graham
4748,Art Carney
4749,Bill Pullman
4750,Anthony Hopkins
4751,['NONE']
4752,Art Carney
4753,Anna Kendrick
4754,Anthony Hopkins
4755,Amy Ryan
4756,Bill Paxton
4757,['NONE']
4758,Ava Gardner
4759,Ava Gardner
4760,Anthony Perkins
4761,Barbra Streisand
4762,Armin Mueller-Stahl
4763,Andreea Diaconu
4764,Abigail Breslin
4765,Anjelica Huston
4766,Ben Stiller
4767,Anne Bancroft
4768,['NONE']
4769,Albert Finney
4770,Anne Bancroft
4771,Anthony Hopkins
4772,Alan Alda
4773,Albert Finney
4774,Ashley Greene
4775,['NONE']
4776,['NONE']
4777,Benicio Del Toro
4778,['NONE']
4779,Anthony Perkins
4780,Abigail Breslin
4781,Ava Gardner
4782,Anne Baxter
4783,Amy Adams
4784,Bill Pullman
4785,Ali Larter
4786,Anne Baxter
4787,Art Carney
4788,Alan Rickman
4789,Anne Baxter
4790,Art Carney
4791,Berenice Bejo
4792,Barbra Streisand
4793,Albert Brooks
4794,Andy Garcia
4795,Akemi Darenogare
4796,Benedict Cumberbatch
4797,['NONE']
4798,['NONE']
4799,['NONE']
4800,Andie MacDowell
4801,['NONE']
4802,['NONE']
4803,Anne Baxter
4804,Anne Bancroft
4805,Analeigh Tipton
4806,Angelina Jolie
4807,Anna Sui
4808,Benicio Del Toro
4809,Ava Gardner
4810,Andy Serkis
4811,Anne Baxter
4812,Anthony Perkins
4813,Anne Baxter
4814,Anne Baxter
4815,Angela Bassett
4816,Anjelica Huston
4817,Bill Daley
4818,Art Carney
4819,['NONE']
4820,['NONE']
4821,Anna Friel
4822,Bill Murray
4823,Anthony Hopkins
4824,['NONE']
4825,Al Pacino
4826,['NONE']
4827,Art Carney
4828,Berenice Bejo
4829,Audrey Hepburn
4830,Albert Finney
4831,Ben Johnson
4832,Alexandra Daddario
4833,Anne Baxter
4834,Ava Gardner
4835,Ava Gardner
4836,Ava Gardner
4837,Barbra Streisand
4838,Ava Gardner
4839,Albert Finney
4840,Anthony Mackie
4841,Anne Bancroft
4842,Bill Pullman
4843,Ben Foster
4844,Antonio Banderas
4845,['NONE']
4846,Anna Kendrick
4847,['NONE']
4848,['NONE']
4849,Alx James
4850,Benicio Del Toro
4851,Armin Mueller-Stahl
4852,['NONE']
4853,Anne Baxter
4854,['NONE']
4855,['NONE']
4856,Alexandra Daddario
4857,['NONE']
4858,Anthony Perkins
4859,Ava Gardner
4860,Ben Kingsley
4861,Ben Foster
4862,['NONE']
4863,Barbra Streisand
4864,Art Carney
4865,Bill Paxton
4866,['NONE']
4867,Andie MacDowell
4868,['NONE']
4869,Anne Baxter
4870,Audrey Hepburn
4871,Arnold Schwarzenegger
4872,Art Carney
4873,Anthony Mackie
4874,Barabara Palvin
4875,Anjelica Huston
4876,['NONE']
4877,Alan Rickman
4878,Anjelica Huston
4879,Amanda Bynes
4880,Alexis Thorpe
4881,Art Carney
4882,['NONE']
4883,['NONE']
4884,Albert Finney
4885,Andrew Lincoln
4886,Betty White
4887,Anjelica Huston
4888,['NONE']
4889,Anjelica Huston
4890,['NONE']
4891,Andrew Garfield
4892,Alessandra Ambrosio
4893,Anthony Hopkins
4894,Anna Paquin
4895,['NONE']
4896,Amanda Bynes
4897,['NONE']
4898,Adriana Barraza
4899,Anthony Hopkins
4900,Armin Mueller-Stahl
4901,['NONE']
4902,Alexis Thorpe
4903,Anne Baxter
4904,Albert Finney
4905,Bill Rancic
4906,Beyonce Knowles
4907,Alx James
4908,Andrew Garfield
4909,Arnold Schwarzenegger
4910,Audrey Hepburn
4911,Art Carney
4912,['NONE']
4913,Ashley Greene
4914,Bernie Mac
4915,Bella Hadid
4916,Alex Pettyfer
4917,Anjelica Huston
4918,Ben Johnson
4919,Art Carney
4920,Betty White
4921,Barbra Streisand
4922,['NONE']
4923,['NONE']
4924,['NONE']
4925,Ava Gardner
4926,Ben Foster
4927,Audrey Hepburn
4928,Anne Baxter
4929,Albert Finney
4930,Art Carney
4931,Anne Baxter
4932,Albert Brooks
4933,Art Carney
4934,Anjelica Huston
4935,Anne Baxter
4936,AnnaSophia Robb
4937,AnnaSophia Robb
4938,['NONE']
4939,Bernie Mac
4940,Art Carney
4941,Anthony Perkins
4942,['NONE']
4943,Amy Ryan
4944,Al Pacino
4945,Ben Foster
4946,['NONE']
4947,Bill Hader
4948,Barbra Streisand
4949,Anna Friel
4950,Barry Pepper
4951,Ava Gardner
4952,Anjelica Huston
4953,Benicio Del Toro
4954,Anjelica Huston
4955,Albert Finney
4956,Anne Baxter
4957,Barry Pepper
4958,Anne Baxter
4959,Amanda Seyfried
4960,Audrey Hepburn
4961,Amy Ryan
4962,['NONE']
4963,['NONE']
4964,Anne Bancroft
4965,Anthony Perkins
4966,Andrew Lincoln
4967,Art Carney
4968,Anthony Perkins
4969,['NONE']
4970,Alexander Skarsgard
4971,Albert Brooks
4972,['NONE']
4973,['NONE']
4974,Bill Hader
4975,Amanda Crew
4976,Adele
